cat_code,protein_count,cirpin_available,cirpin_coverage_percent,protein_ids
3.40.50,22290,22290,100.0,"3l4b_A,3l4b_B,3l4b_E,3l4b_F,1lss_A,1lss_B,1lss_C,1lss_D,4xlt_A,3h7a_A"
2.60.40,11115,11115,100.0,"3m7o_A,3b2d_C,3b2d_D,3m7o_B,3m7o_C,3m7o_D,3rg1_C,3rg1_D,3rg1_G,3rg1_H"
3.60.20,7804,7804,100.0,"1g0u_L,1fnt_M,1fnt_a,1g0u_Z,1g65_L,1g65_Z,1jd2_L,1jd2_S,1ryp_M,1ryp_1"
2.60.120,5959,5959,100.0,"3o5s_A,1byh_A,1gbg_A,1glh_A,1mac_A,1mac_B,1u0a_A,1u0a_B,1u0a_C,1u0a_D"
3.30.70,4741,4741,100.0,"1r6y_A,1tuv_A,1j27_A,3otb_A,3otb_B,3otc_A,3otc_B,3otd_A,3otd_B,3ote_A"
3.20.20,4667,4667,100.0,"2vp8_A,2vp8_B,2vef_A,2vef_B,2veg_A,2veg_B,1tws_A,1tws_B,1tww_A,1tww_B"
3.30.200,3456,3456,100.0,"2y4i_B,5kkr_B,4mne_B,1uwh_A,1uwh_B,1uwj_A,1uwj_B,2fb8_A,2fb8_B,3c4c_A"
2.40.10,3316,3316,100.0,"2w5e_A,2w5e_B,2w5e_C,2w5e_D,2w5e_E,2w5e_F,2wv4_A,2bhg_A,2bhg_B,2j92_A"
3.40.30,3252,3252,100.0,"1z9h_A,1z9h_B,1z9h_C,1z9h_D,2pbj_A,2pbj_B,2pbj_C,2pbj_D,3f9u_A,3f9u_B"
1.10.10,3105,3105,100.0,"3ccy_A,4hf1_A,4chu_A,4chu_B,4hf0_A,4hf0_B,4hf1_B,4hf2_A,4hf2_B,4cic_A"
1.10.490,2814,2814,100.0,"1dm1_A,3zta_A,4uur_A,4uur_B,1ux8_A,2bkm_A,2bkm_B,5v3t_A,5v3t_B,5v3u_A"
2.40.50,2796,2796,100.0,"5lhy_A,1mby_A,1mby_B,5lhy_B,5lhy_C,5lhy_D,5lhy_E,5lhy_F,5lhy_G,5lhy_H"
1.20.1260,2487,2487,100.0,"3bt5_A,2qf9_A,2qf9_B,1yux_A,1yux_B,1yuz_A,1yuz_B,1yv1_A,1yv1_B,1b71_A"
1.10.287,2315,2315,100.0,"1fft_B,1fft_G,3r66_A,1xeq_A,1xeq_B,3r66_B,3rt3_C,3sdl_A,3sdl_B,2nn4_A"
2.30.30,2287,2287,100.0,"5kch_A,3dlm_A,5kco_A,5ke2_A,5ke3_A,5kh6_A,3e9g_A,3e9f_A,3e9g_B,4pl6_A"
1.10.565,2049,2049,100.0,"2ocf_A,1a52_A,1a52_B,1ere_A,1ere_B,1ere_C,1ere_D,1ere_E,1ere_F,1err_A"
2.40.128,2040,2040,100.0,"2bs5_A,2bs6_A,2bs6_B,2bs6_C,2bt9_A,2bt9_B,2bt9_C,3zw0_A,3zw0_C,3zw0_B"
3.10.20,2018,2018,100.0,"4mjs_B,4mjs_D,4mjs_F,4mjs_H,4mjs_J,4mjs_L,4mjs_N,4mjs_P,4mjs_R,4mjs_T"
1.10.530,1953,1953,100.0,"1lsy_A,132l_A,135l_A,193l_A,194l_A,1a2y_C,1aki_A,1at5_A,1at6_A,1azf_A"
1.20.5,1845,1845,100.0,"2axc_A,1x79_B,1x79_C,4n3y_B,3tsi_A,3tsi_B,3tsi_C,3tsi_D,3fwb_B,4mbe_B"
1.20.920,1722,1722,100.0,"3mqm_A,3mqm_B,3iu6_A,3mb3_A,3q2e_A,5enb_A,5enc_A,5ene_A,5enf_A,5enh_A"
1.20.120,1576,1576,100.0,"4hfk_B,4hfk_D,4jur_I,4jur_J,4jur_K,4jur_L,4jur_M,4jur_N,4jur_O,4jur_P"
2.40.70,1565,1565,100.0,"4obz_B,1lya_B,1lya_D,1lyb_B,1lyb_D,1lyw_B,1lyw_D,1lyw_F,1lyw_H,4obz_D"
3.10.450,1525,1525,100.0,"3dm8_A,1z1s_A,4j8t_A,4j8t_B,4j8t_C,4j8t_D,4j9a_A,4j9a_B,4j9a_C,4j9a_D"
1.10.20,1514,1514,100.0,"1bh8_B,1bh9_B,1taf_A,1h3o_A,1h3o_C,3r45_A,3an2_A,3an2_E,3nqj_A,3nqu_A"
3.30.500,1498,1498,100.0,"4ffe_X,4ffe_Y,4ffe_Z,4pdc_E,4pdc_F,3d2u_A,3d2u_E,1l8j_A,1lqv_A,1lqv_B"
3.40.190,1424,1424,100.0,"3ppn_A,3ppn_B,3ppo_A,3ppo_B,3ppp_A,3ppp_B,3ppq_A,3ppq_B,3ppr_A,3ppr_B"
3.90.226,1404,1404,100.0,"2f9y_B,2f9i_B,2f9i_D,5kdr_B,3lke_A,3lke_B,3lke_C,1tg6_A,1tg6_B,1tg6_C"
3.30.420,1356,1356,100.0,"2e6l_A,2e6m_A,2fbt_A,2fbv_A,2fbx_A,2fby_A,2fc0_A,2gui_A,1j53_A,1j54_A"
2.70.170,1289,1289,100.0,"2br7_A,2br7_B,2br7_C,2br7_D,2br7_E,2br8_A,2br8_B,2br8_C,2br8_D,2br8_E"
3.40.630,1177,1177,100.0,"4hnw_B,4hnx_B,4hny_B,4hny_D,4xnh_B,4xpd_B,4y49_B,4y49_H,4y49_N,5nnp_B"
1.10.238,1124,1124,100.0,"3dd4_A,1s1e_A,1s6c_A,2i2r_E,2i2r_F,2i2r_G,2i2r_H,2i2r_M,2i2r_N,2i2r_O"
3.10.129,1116,1116,100.0,"2oaf_A,2oaf_B,5bp2_A,5bp2_B,5bp2_C,5bp2_D,5bp3_A,5bp3_B,2qwz_A,2qwz_B"
2.40.155,1054,1054,100.0,"4u2v_B,1b9c_A,1b9c_B,1b9c_C,1b9c_D,1bfp_A,1c4f_A,1cv7_A,1ema_A,1emb_A"
3.40.710,1029,1029,100.0,"4p0m_A,4rye_A,4rye_B,4rye_C,4rye_D,1es2_A,1es3_A,1es4_A,1es5_A,1esi_A"
1.25.40,951,951,100.0,"3qb2_A,3pnt_B,3pnt_D,3qb2_B,3qb2_C,3qb2_D,4kt6_B,4kt6_D,4nrh_B,4nrh_D"
3.30.450,933,933,100.0,"4clc_A,4clc_B,4clc_C,4clc_D,4clc_E,2va0_A,2va0_B,2va0_C,2va0_D,2va0_E"
3.30.1330,900,900,100.0,"2ohw_A,2ohw_B,1jn1_A,1jn1_B,1jn1_C,1vh8_A,1vh8_B,1vh8_C,1vh8_D,1vh8_E"
3.90.20,893,893,100.0,"1flc_B,1flc_D,1flc_F,5e62_B,5e62_D,5e64_B,5e5w_B,5e5w_D,5e64_D,5e65_B"
1.20.58,848,848,100.0,"2vwa_A,2vwa_B,2vwa_C,2vwa_D,2vwa_E,2vwa_F,4bjn_A,4bjm_A,4bjm_B,4bjm_C"
3.10.100,820,820,100.0,"2h2r_A,2h2r_B,2h2t_B,4ezm_G,4ezm_H,4ezm_I,4ezm_J,4ezm_K,4ezm_L,4g96_A"
2.80.10,807,807,100.0,"1w3a_A,1w3f_A,1w3g_A,2y9f_A,2y9g_A,4i4o_A,4i4o_B,4i4p_A,4i4p_B,4i4q_A"
3.90.550,788,788,100.0,"2qh5_A,2qh5_B,5ify_A,1fxo_A,1fxo_B,1fxo_C,1fxo_D,1fxo_E,1fxo_F,1fxo_G"
3.30.1360,705,705,100.0,"3h0g_K,3h0g_W,5flm_K,5iyb_K,5iyc_K,5iyd_K,5oik_K,1i3q_K,1i50_K,1i6h_K"
3.90.79,692,692,100.0,"2i8t_A,1rya_A,1rya_B,2gt2_A,2gt2_B,2gt2_C,2gt2_D,2gt4_A,2gt4_B,2gt4_C"
3.30.429,687,687,100.0,"2flt_A,2flz_A,2flz_B,2flz_C,3mf8_A,3n4g_A,3n4g_B,3n4g_C,4m1a_A,4m1a_B"
3.30.40,673,673,100.0,"4ccg_X,4ccg_Y,2bay_A,2bay_B,2bay_C,2bay_D,2bay_E,2bay_F,3plw_A,2zet_C"
3.30.230,627,627,100.0,"1y5y_A,1y5y_B,1y5y_C,1y5y_D,1y5y_E,1y60_A,1y60_B,1y60_C,1y60_D,1y60_E"
1.10.760,616,616,100.0,"4lji_A,4lji_B,1w5c_T,1izl_V,1izl_0,1mz4_A,1s5l_V,1s5l_v,1w5c_V,2axt_V"
3.30.565,598,598,100.0,"3cgy_A,1id0_A,3cgy_B,3cgy_C,3cgz_A,3cgz_B,3cgz_C,4bxi_A,5mmn_A,1aj6_A"
3.10.130,578,578,100.0,"5e13_A,1dyt_A,1dyt_B,1gqv_A,1h1h_A,1hi2_A,1hi3_A,1hi4_A,1hi5_A,1k2a_A"
2.30.42,554,554,100.0,"3kzd_A,3kze_A,3kze_B,3kze_C,4gvc_A,4gvd_A,4gvd_B,4nxp_A,4nxq_A,4nxq_B"
3.40.390,551,551,100.0,"1oz9_A,2x7m_A,3vtg_A,3lqb_A,1eb6_A,2rjp_A,2rjp_B,2rjp_C,2rjp_D,3b2z_A"
3.60.15,550,550,100.0,"2cbn_A,1ww1_A,1ww1_B,2e7y_A,2e7y_B,3adr_A,3adr_B,4xuk_A,4xuk_B,4zo2_A"
3.10.320,518,518,100.0,"2p24_B,1d9k_D,1d9k_H,1es0_B,1f3j_B,1f3j_E,1iak_B,1iao_B,1k2d_B,1lnu_B"
2.30.29,510,510,100.0,"2cy4_A,2cy5_A,2oqb_A,2oqb_B,4f7h_A,4bbk_A,5l81_A,5l81_B,4b6h_A,4b6h_B"
3.90.190,497,497,100.0,"5y15_A,2hcm_A,5y15_B,5y16_A,5y16_B,2wgp_A,2wgp_B,2esb_A,2y96_A,2y96_B"
1.20.90,489,489,100.0,"1poc_A,2wg7_A,2wg7_B,2wg8_A,2wg8_B,2wg8_C,2wg9_A,2wg9_B,1gp7_A,1gp7_B"
1.10.260,488,488,100.0,"2cro_A,3cro_L,3cro_R,1per_L,1per_R,1r69_A,1rpe_L,1rpe_R,2or1_L,2or1_R"
6.10.140,480,480,100.0,"3viq_A,3viq_C,4qiw_F,4qiw_R,4qjf_B,2gsv_A,2gsv_B,2zme_B,3cuq_B,5da5_A"
1.10.357,471,471,100.0,"5d18_A,5d19_A,5d19_B,2gfn_A,2gfn_B,2nx4_A,2nx4_B,2nx4_C,2nx4_D,5c4y_A"
1.20.1250,451,451,100.0,"3qb7_A,1hij_A,1hik_A,1hzi_A,1iar_A,1rcb_A,2b8u_A,2b8x_A,2b8y_A,2b8z_A"
3.30.710,451,451,100.0,"4uyi_A,4zou_A,1vcb_B,1lm8_C,1lqb_B,1vcb_E,1vcb_H,1vcb_K,2c9w_C,2fnj_C"
1.10.472,450,450,100.0,"4krc_B,4krd_B,1gux_B,1o9k_B,1o9k_D,1o9k_F,1o9k_H,5l2w_B,1w98_B,2pjq_A"
1.10.8,442,442,100.0,"4hlq_A,4hl4_A,4hlq_C,4hlq_E,4hlq_G,4hlq_I,2qho_B,2qho_D,2qho_F,2qho_H"
3.90.228,439,439,100.0,"3hkv_A,3hkv_B,5lx6_A,5lx6_B,5dsy_A,5dsy_B,5dsy_C,5dsy_D,5ds3_A,2rf5_A"
2.60.130,430,430,100.0,"4ilv_A,4ilt_A,4ilt_B,4ilt_C,4ilt_D,4ilv_B,1eo2_A,1eo9_A,1eoa_A,1eob_A"
2.10.90,419,419,100.0,"4x1j_A,1hcn_B,1hrp_B,1qfw_B,1fl7_B,1fl7_D,1xwd_B,1xwd_E,4ay9_B,4ay9_E"
2.70.40,417,417,100.0,"2yzj_A,2yzj_B,2yzj_C,2zdc_A,2zdc_B,2zdc_C,3t60_A,1vyq_A,1vyq_B,1vyq_C"
3.30.530,415,415,100.0,"3p9v_A,3p9v_B,2ejx_A,3w9k_A,4gy9_A,4jhg_A,4jhh_A,4jhi_A,2qim_A,1icx_A"
2.40.100,406,406,100.0,"3bkp_A,2hq6_A,4r3e_A,1w74_A,1w74_B,4r3f_A,1z81_A,1mzw_A,1qoi_A,1a33_A"
6.10.250,403,403,100.0,"3fwc_B,3fwc_F,3fwc_J,3fwc_N,3grz_A,4c2w_C,4c2w_D,1go4_E,1go4_F,1go4_G"
3.30.572,399,399,100.0,"4gyh_A,1hvy_A,1hvy_B,1hvy_C,1hvy_D,1hw3_A,1hzw_A,1hzw_B,1i00_A,1i00_B"
3.10.180,383,383,100.0,"3vw9_A,1bh5_A,1bh5_B,1bh5_C,1bh5_D,1fro_A,1fro_B,1fro_C,1fro_D,1qin_A"
1.10.520,382,382,100.0,"3rrw_A,3rrw_B,1u2k_A,1u2l_A,1u2l_B,2wss_S,2wss_W,4fcn_A,2vka_A,2w23_A"
3.10.110,380,380,100.0,"1i7k_A,1i7k_B,4yii_U,2pwq_A,1yrv_A,4ccg_A,1yh2_A,4ccg_B,5ngz_A,5ojj_A"
2.10.25,373,373,100.0,"2vj3_A,4cud_A,4cue_A,4cuf_A,4d0e_A,4d0f_A,4xl1_A,4xl1_D,4xlw_A,4xlw_C"
2.60.175,365,365,100.0,"1vpn_A,1cn3_A,1cn3_B,1cn3_C,1cn3_D,1cn3_E,1vpn_B,1vpn_C,1vpn_D,1vpn_E"
3.30.505,363,363,100.0,"3psk_A,3gxw_A,3gxw_B,3gxw_C,3gxw_D,3gxx_A,3gxx_B,3gxx_C,3gxx_D,3pjp_A"
2.30.110,357,357,100.0,"1i0r_A,1i0r_B,1i0s_A,1i0s_B,1w3o_A,1w3p_A,1w3q_A,1w3r_A,2vpa_A,2x1j_A"
3.30.160,354,354,100.0,"3bf2_A,2v83_A,2v83_B,2v83_C,2v85_A,2v85_B,2v86_A,2v86_B,2v87_A,2v87_B"
1.20.20,341,341,100.0,"2wpd_J,2wpd_K,2wpd_L,2wpd_M,2wpd_N,2wpd_O,2wpd_P,2wpd_Q,2wpd_R,2wpd_S"
2.20.25,340,340,100.0,"2j6a_A,4qtt_A,4qtt_C,4qtu_A,4qtu_C,5cm2_M,3t4n_B,3tdh_B,3te5_B,2oox_B"
1.20.1070,338,338,100.0,"1ehk_B,1xme_B,2qpd_B,2qpe_B,3bvd_B,3eh3_B,3eh4_B,3eh5_B,3qjq_B,3qjr_B"
3.40.1190,331,331,100.0,"2c49_A,2c49_B,2c4e_A,3bf5_A,3bf5_B,4u7x_A,4wjm_A,3cqd_A,3cqd_B,3n1c_A"
1.10.150,314,314,100.0,"1go3_F,1go3_N,3tad_A,3tad_B,3tad_C,3tad_D,4fzm_A,4fzl_A,4fzl_B,4fzn_A"
3.10.50,302,302,100.0,"3prb_A,3pr9_A,3pra_A,3pra_B,3prb_B,3prd_A,3cgm_A,3cgn_A,3luo_A,4odk_A"
3.30.190,294,294,100.0,"5iu0_J,1aa1_S,1aa1_C,1aa1_F,1aa1_I,1aus_S,1aus_T,1aus_U,1aus_V,1ej7_S"
2.40.30,289,289,100.0,"3zpn_A,3zpn_B,3zpn_C,3zpn_D,1i8d_A,1i8d_B,1i8d_C,1pkv_A,1pkv_B,3a35_A"
3.40.109,288,288,100.0,"4ttb_A,3gb5_A,3gfd_A,3gfd_B,3gh8_A,3gh8_B,3gh8_C,3gh8_D,3gh8_E,3gh8_F"
1.10.437,284,284,100.0,"2vty_A,4d2l_A,4d2m_A,4d2m_C,2i39_A,2i39_B,2i39_C,2i39_D,2i39_E,2i39_F"
3.40.420,284,284,100.0,"4fb9_A,4fb9_B,4fb9_C,4fb9_D,4fba_A,4fba_B,4fba_C,4fba_D,4fbb_A,4fbb_B"
2.160.10,283,283,100.0,"1qq0_A,1qre_A,1qrf_A,1qrg_A,1qrl_A,1qrm_A,1thj_A,1thj_B,1thj_C,3otm_A"
3.40.140,278,278,100.0,"3e1u_A,2nyt_A,2nyt_B,2nyt_C,2nyt_D,4kit_C,2p87_A,2p8r_A,5m59_B,5m59_D"
2.20.28,276,276,100.0,"5mlc_3,5h1s_c,5mmi_2,5x8t_2,5o60_c,5v7q_1,3vpb_E,3vpb_F,3p8b_A,1ryq_A"
2.100.10,273,273,100.0,"4gx7_A,4gx7_B,4gx7_C,4gx7_D,4gx7_E,4gx7_F,5v6c_A,5v6c_B,5v6c_C,5v6f_A"
3.70.10,270,270,100.0,"1b77_A,1b77_B,1b77_C,1b8h_A,1b8h_B,1b8h_C,1czd_A,1czd_B,1czd_C,3u5z_G"
3.60.10,270,270,100.0,"3i41_A,3i41_B,3i46_A,3i46_B,3i48_A,3i48_B,3i5v_A,3i5v_B,3i5v_C,3i5v_D"
1.10.1200,269,269,100.0,"4h2w_C,4h2w_D,4h2x_C,4h2x_D,4h2y_C,4h2y_D,2peo_A,2peo_B,3hyb_A,3hyb_B"
1.20.190,268,268,100.0,"3efz_A,3efz_B,3efz_C,3efz_D,5wxn_A,1a37_A,1a37_B,1a38_A,1a38_B,1a4o_A"
1.10.1170,262,262,100.0,"1oxn_A,1oxn_B,1oxn_C,1oxn_D,1oxn_E,1oxq_A,1oxq_B,1oxq_C,1oxq_D,1oxq_E"
4.10.410,262,262,100.0,"1d0d_A,1kig_I,3pio_3,3pip_3,4u67_3,4wfn_3,5dm6_3,5dm7_3,5jvg_3,5jvh_3"
1.20.910,259,259,100.0,"1rtw_A,1rtw_B,1rtw_C,1rtw_D,1yaf_A,1to9_A,1to9_B,1tyh_A,1tyh_B,1tyh_D"
3.90.940,248,248,100.0,"2pmz_H,2pmz_V,2waq_H,2wb1_H,2wb1_Z,2y0s_H,2y0s_Z,3hkz_H,3hkz_T,4ayb_H"
3.90.1170,248,248,100.0,"5ayx_A,2jbm_A,2jbm_B,2jbm_C,2jbm_D,2jbm_E,2jbm_F,2jbm_G,2jbm_H,2jbm_I"
3.40.91,246,246,100.0,"2pfj_A,1fzr_A,1fzr_B,1fzr_C,1fzr_D,1m0d_A,1m0d_B,1m0d_C,1m0d_D,1m0i_A"
3.90.45,246,246,100.0,"5e5d_A,4nt8_A,5cp0_A,5cpd_A,5cvk_A,5cvp_A,5cvq_A,5cwx_A,5cwy_A,5cx0_A"
1.10.600,243,243,100.0,"2zco_A,2zcq_A,2zcr_A,2zcs_A,2zy1_A,3acw_A,3acx_A,3acy_A,3adz_A,3ae0_A"
1.10.245,241,241,100.0,"5swk_A,1rv1_A,1rv1_B,1rv1_C,1t4e_A,1t4e_B,1t4f_M,1ycq_A,1ycr_A,2axi_A"
2.40.510,230,230,100.0,"3pa1_A,3onu_A,3onu_B,3ony_A,3ony_B,3ony_C,3pa1_B,3pa2_A,3pa2_B,3q38_A"
1.20.85,230,230,100.0,"1k6l_M,1aig_M,1aig_O,1aij_M,1aij_S,1ds8_M,1ds8_S,1dv3_M,1dv3_S,1dv6_M"
3.30.310,229,229,100.0,"4tps_A,4tps_C,1yqk_A,1ebm_A,1fn7_A,1m3h_A,1m3q_A,1n39_A,1n3a_A,1n3c_A"
3.90.80,225,225,100.0,"1m38_A,117e_A,117e_B,1e6a_A,1e6a_B,1e9g_A,1e9g_B,1huj_A,1huj_B,1huk_A"
3.40.1010,225,225,100.0,"1wyz_A,1wyz_B,1wyz_C,1wyz_D,2zvb_A,2zvc_A,3nut_A,3nut_B,3nut_C,3nut_D"
3.90.470,224,224,100.0,"5suv_A,5cmo_A,5cmo_B,5cmo_C,5suv_B,5suv_C,5vbx_A,5vbx_B,5vbx_C,5xu7_A"
3.40.1160,223,223,100.0,"3kzf_A,3kzf_B,3kzf_C,3kzf_D,4jz7_A,4jz7_B,4jz7_C,4jz7_D,4jz8_A,4jz8_B"
3.30.300,223,223,100.0,"2pn2_A,1jos_A,3cje_A,1nye_A,1nye_B,1nye_C,1nye_D,1nye_E,1nye_F,1qwi_A"
3.40.80,223,223,100.0,"4x36_A,4ivv_A,5ctv_A,4ols_A,4ols_B,4ols_C,4ols_D,2ar3_A,1yb0_A,1yb0_B"
3.40.430,223,223,100.0,"2p4g_A,4xrb_A,4xt4_A,4xt5_A,4xt6_A,4xt7_A,4xt8_A,3kgy_A,3kgy_B,3ky8_A"
2.10.60,222,222,100.0,"4fao_C,4fao_D,4fao_I,4fao_J,4fao_O,4fao_P,4fao_U,4fao_V,4fao_c,4fao_d"
2.60.90,222,222,100.0,"2j1k_C,2j1k_D,2j1k_E,2j1k_F,2j1k_H,2j1k_I,2j1k_L,2j1k_M,2j1k_N,2j1k_Q"
3.80.10,204,204,100.0,"2v70_A,2v70_B,2v70_C,2v70_D,1w8a_A,2wfh_A,2wfh_B,2v9s_A,2v9s_B,2v9s_C"
3.40.1280,202,202,100.0,"4cnf_A,4cnf_B,4cng_A,4cng_B,3ic6_A,1gz0_E,1gz0_G,1vhk_B,1vhk_D,5vm8_A"
3.60.21,197,197,100.0,"1s3l_A,1s3l_B,1s3m_A,1s3m_B,1s3n_A,1s3n_B,2ahd_A,2ahd_B,2ahd_C,2ahd_D"
3.40.220,197,197,100.0,"1vhu_A,1hjz_A,1hjz_B,2bfq_A,2bfr_A,3ewo_A,3ejf_A,3eke_A,3ewo_B,3ewp_A"
3.30.1370,195,195,100.0,"2ffm_A,2e3u_A,3aev_B,1tua_A,3d2n_A,3d2q_A,3d2q_B,3d2q_C,3d2q_D,3d2s_A"
3.30.380,194,194,100.0,"1dwn_A,1dwn_B,1dwn_C,2qud_A,2qud_B,2qux_A,2qux_B,2qux_D,2qux_E,2qux_G"
2.70.50,192,192,100.0,"4fmr_A,4fmr_B,4fmr_C,4fmr_D,5fjq_A,5fjq_B,5fjq_C,5aa7_A,5aa7_B,4goj_C"
2.120.10,191,191,100.0,"4csd_A,4csd_B,2p4o_A,5d9b_A,5d9c_A,5d9d_A,5gtq_A,5gx1_A,5gx2_A,5gx3_A"
1.20.82,190,190,100.0,"3p5s_A,3gc6_A,3gc6_B,3gh3_A,3gh3_B,3ghh_A,3ghh_B,3kou_A,3kou_B,3p5s_B"
1.10.375,190,190,100.0,"4ph0_A,4ph0_B,4ph0_C,4ph0_D,4ph0_E,4ph0_F,4ph2_A,4ph2_B,4ph3_A,4ph3_B"
3.10.170,190,190,100.0,"1esp_A,1fj3_A,1fjo_A,1fjq_A,1fjt_A,1fju_A,1fjv_A,1fjw_A,1gxw_A,1hyt_A"
1.20.1270,186,186,100.0,"3abh_A,3abh_B,3hai_A,3hai_B,3hai_C,3hai_D,3lll_A,3lll_B,3q0k_A,3q0k_B"
3.30.428,183,183,100.0,"5km5_A,4inc_A,4inc_B,4ini_A,4ini_B,5km5_B,5km8_A,5km8_B,5km9_B,5km9_A"
1.20.1080,182,182,100.0,"3tdo_A,3tdo_B,3tdo_C,3tdo_D,3tdo_E,3tdp_A,3tdp_B,3tdp_C,3tdp_D,3tdp_E"
3.40.800,180,180,100.0,"3nio_A,3nio_B,3nio_C,3nio_D,3nio_E,3nio_F,1cev_A,1cev_B,1cev_C,1cev_D"
1.10.286,179,179,100.0,"2pn0_A,2pn0_B,2pn0_C,2pn0_D,3bmb_A,3bmb_B,2wsc_G,2o01_G,2wse_G,2wsf_G"
3.40.1050,179,179,100.0,"4o1j_A,4o1j_B,2a8c_A,1i6o_A,1i6o_B,1i6p_A,1t75_A,1t75_B,1t75_D,1t75_E"
3.30.1490,176,176,100.0,"2fjz_A,2fk1_A,2fk2_A,2fk3_A,2fk3_B,2fk3_C,2fk3_D,2fk3_E,2fk3_F,2fk3_G"
1.10.533,175,175,100.0,"4zbw_A,4zbw_B,4o6x_A,2yvi_A,4o6x_B,2of5_H,2of5_I,2of5_J,2of5_K,2of5_L"
3.10.28,173,173,100.0,"2dch_X,1mow_A,1af5_A,1b24_A,1bp7_A,1bp7_B,1bp7_C,1bp7_D,1g9y_A,1g9y_B"
2.130.10,170,170,100.0,"2qc5_A,2z2n_A,2z2o_A,2z2o_B,2z2o_C,2z2o_D,2z2p_A,2z2p_B,3qhy_B,1jtd_B"
3.30.930,169,169,100.0,"1w66_A,2qhs_A,2qht_A,2qhu_A,2qhv_A,2ddz_A,2ddz_B,2ddz_C,2ddz_D,2ddz_E"
3.30.60,167,167,100.0,"1bmo_A,1bmo_B,1nub_A,1nub_B,2v53_A,1lr7_A,1lr8_A,1lr9_A,2arp_F,1cgi_I"
2.60.200,164,164,100.0,"4a4y_A,3kt9_A,1wv3_A,3oun_A,3po8_A,3poa_A,4jon_A,4jon_B,4jon_C,4jon_D"
3.30.470,163,163,100.0,"4jxu_A,4jxu_B,4tvi_A,4tvi_B,1b04_A,1b04_B,3bac_A,4glw_A,4glw_B,1i1k_A"
2.170.270,162,162,100.0,"3ep0_A,3ep0_B,1zkk_A,1zkk_B,1zkk_C,1zkk_D,2bqz_A,2bqz_E,3f9w_A,3f9w_B"
3.50.80,161,161,100.0,"4s02_A,1y2q_A,2hkz_A,2hl0_A,2hl1_A,2hl1_B,2hl2_A,2hl2_B,3pd2_A,3pd2_B"
3.30.50,161,161,100.0,"4hn5_A,1glu_A,1glu_B,1lat_A,1lat_B,1r4i_A,1r4i_B,1r4o_A,1r4o_B,1r4r_A"
2.10.70,161,161,100.0,"2erj_A,1z92_B,2b5i_D,2erj_E,3iu3_I,3iu3_J,3iu3_K,3nfp_I,3nfp_K,4wjg_C"
3.30.1390,159,159,100.0,"2w9r_A,1lzw_A,1mbu_C,1mbu_D,1mbv_B,1mbx_C,1mbx_D,1mg9_A,1r6o_C,1r6o_D"
6.10.280,157,157,100.0,"4jle_A,4jle_B,5xaf_E,5xag_E,5xhc_E,5xi5_E,5xi7_E,3mk7_C,3mk7_F,3mk7_I"
3.90.70,156,156,100.0,"3rnv_A,3erv_A,2btw_A,2btw_B,2bu3_A,2bu3_B,3k8u_A,5xe8_A,5xe8_C,5xe9_A"
2.40.160,155,155,100.0,"3wi4_A,3wi5_A,3c5o_A,3c5o_B,3c5o_C,3c5o_D,3g7g_A,3g7g_B,3g7g_D,3g7g_E"
3.10.200,155,155,100.0,"3fe4_A,3fe4_B,4xiw_A,4xiw_B,4xiw_C,4xiw_D,4xiw_E,4xiw_F,4xiw_G,4xiw_H"
3.40.470,154,154,100.0,"3cxm_A,3ufm_A,1akz_A,1emh_A,1emj_A,1okb_A,1okb_B,1q3f_A,1ssp_E,1ugh_E"
3.90.215,152,152,100.0,"1fza_C,1fib_A,1fic_A,1fic_B,1fid_A,1fza_F,1fzb_C,1fzb_F,1fzc_C,1fzc_F"
2.60.30,144,144,100.0,"3c75_L,1mae_L,1maf_L,1mg2_B,1mg2_F,1mg2_J,1mg2_N,1mg3_B,1mg3_F,1mg3_J"
2.70.240,144,144,100.0,"5k59_D,5k59_C,3b07_A,1lkf_A,1pvl_A,2lkf_A,2qk7_B,3b07_C,3b07_E,3b07_G"
3.30.1660,143,143,100.0,"4b2j_A,1mog_A,2cc6_A,2cc7_A,2cc8_A,2cc9_A,2ccb_A,2ccc_A,2cie_A,2cif_A"
2.30.33,141,141,100.0,"1g31_A,1g31_B,1g31_C,1g31_D,1g31_E,1g31_F,1g31_G,1hx5_A,1hx5_B,1hx5_C"
3.30.760,140,140,100.0,"2idr_A,2idr_B,2idv_A,2wmc_A,2wmc_B,2wmc_C,2wmc_D,2wmc_E,2wmc_F,2wmc_G"
2.60.110,138,138,100.0,"2ahn_A,3zs3_A,4l2j_A,1z3q_A,1aun_A,1pcv_A,1pcv_B,2i0w_A,1du5_A,1du5_B"
3.50.30,138,138,100.0,"1zym_A,1zym_B,3k4i_A,3k4i_B,3k4i_C,5ir2_A,4tjv_A,4tjx_A,3noj_A,3icu_A"
3.10.580,136,136,100.0,"3ddj_A,2p9m_A,2p9m_B,2p9m_C,2p9m_D,1pbj_A,3kh5_A,3lfz_A,2yzi_A,2yzi_B"
3.40.250,135,135,100.0,"5hbl_A,5hbo_A,5hbp_A,5hbq_A,5hpa_A,2fsx_A,2eg3_A,2eg3_B,2eg4_A,2eg4_B"
1.10.1220,133,133,100.0,"1irq_A,1irq_B,2bnw_A,2bnw_B,2bnw_C,2bnw_D,2bnz_A,2bnz_B,2bnz_C,2bnz_D"
1.10.418,131,131,100.0,"3vp7_A,4ddp_A,1aoa_A,5fmt_A,5fmt_B,5fmu_A,5fmu_B,5fmu_C,5fmu_D,2ve7_C"
3.40.600,131,131,100.0,"2ezv_A,2ezv_B,2f03_A,2f03_C,3ndh_A,3ndh_B,1ev7_A,1ev7_B,1iaw_A,1iaw_B"
2.40.40,129,129,100.0,"5t5i_D,5t5i_L,5t5m_D,5xbu_A,5xbx_A,5xc4_A,5xc8_A,5xc9_A,5xca_A,1wc2_A"
4.10.540,129,129,100.0,"4in5_H,1aig_H,1aig_P,1aij_H,1aij_T,1ds8_H,1ds8_T,1dv3_H,1dv3_T,1dv6_H"
2.170.150,125,125,100.0,"3djm_A,3djm_B,3djm_C,3djm_D,3djm_E,3fac_A,3fac_B,3fac_C,3fac_D,3fac_E"
1.10.220,123,123,100.0,"2oy9_A,2oy9_B,1q8d_A,2ii2_A,2iic_A,2iic_B,2iic_C,2iic_D,2b0o_E,2b0o_F"
2.30.140,123,123,100.0,"4f98_A,5x0z_A,2cmg_A,2cmg_B,2cmh_A,2cmh_B,2cmh_C,5x0z_B,5x0z_C,5x0z_D"
3.40.1340,123,123,100.0,"1dzf_A,1i3q_E,1i50_E,1i6h_E,1k83_E,1r9t_E,1sfo_E,1twa_E,1twc_E,1twf_E"
3.30.1380,122,122,100.0,"2j3w_B,2j3r_B,2j3w_F,3cue_B,3cue_H,3cue_N,3cue_T,3k7g_B,1vhh_A,2ibg_E"
2.60.210,122,122,100.0,"2f1x_A,1yy6_A,1yze_A,1yze_B,1yze_C,2f1w_A,2f1x_B,2f1y_A,2foj_A,2foo_A"
1.20.1300,122,122,100.0,"1kf6_C,1kf6_O,1kfy_C,1kfy_O,1l0v_C,1l0v_O,2b76_C,2b76_O,3cir_C,3cir_O"
3.100.10,122,122,100.0,"2yzs_A,2yzs_B,5vvk_A,3nkd_A,3nkd_B,4p6i_C,4p6i_D,4p6i_E,4p6i_F,4qdl_A"
2.60.270,120,120,100.0,"4hpq_B,4hpq_E,4p1w_B,4p1w_E,5jhf_B,5jhf_E,1x99_A,1x99_B,1xi0_A,1xi0_B"
3.10.270,120,120,100.0,"1j2g_A,1j2g_B,1j2g_C,1j2g_D,3wlv_A,3wlv_B,3wlv_C,3wlv_D,4xfp_A,4xfp_B"
3.30.460,120,120,100.0,"3c18_A,3c18_B,3c18_C,5dec_A,5dec_B,5dec_C,5dec_D,5ded_D,5ded_A,5ded_B"
3.30.1440,119,119,100.0,"2wny_A,2wny_B,1s72_D,1jj2_D,1k73_F,1k8a_F,1k9m_F,1kc8_F,1kd1_F,1kqs_D"
3.90.930,119,119,100.0,"5an9_B,1s72_E,1jj2_E,1k73_G,1k8a_G,1k9m_G,1kc8_G,1kd1_G,1kqs_E,1m1k_G"
2.160.20,118,118,100.0,"4w8q_A,3fy3_A,4w8r_A,4w8s_A,4w8t_A,5kdk_A,5keh_A,5kf3_A,5kkd_A,5kkd_B"
1.20.1280,118,118,100.0,"1fs1_A,1fs1_C,4icg_C,4icg_D,2e31_A,2e32_A,2e32_C,3wso_A,1xl3_C,1xl3_D"
2.90.10,118,118,100.0,"4pdt_A,4tkc_A,4oit_A,4oit_B,4oit_C,4oit_D,4oiz_A,4oiz_B,4oiz_C,4oiz_D"
1.10.455,117,117,100.0,"3j80_F,3j7a_I,3j81_F,3jam_F,5a2q_F,5flx_F,5it9_F,5xxu_F,5xyi_F,1iqv_A"
3.40.1180,117,117,100.0,"3wqm_A,3wqk_A,3wql_A,3wql_B,3wql_C,3wql_D,3wqn_A,4cmv_A,4cmv_B,4cmw_A"
3.60.110,115,115,100.0,"3p8k_A,3p8k_B,3hkx_A,4izs_A,4izt_A,4izu_A,4izv_A,4izw_A,5jqn_A,2e11_A"
3.30.1120,114,114,100.0,"4yyp_A,5lhz_A,5lhz_B,5lhz_C,2e50_A,2e50_B,2e50_Q,5day_A,5day_B,5x7v_A"
3.30.1130,112,112,100.0,"4aey_A,1b9l_A,1b9l_B,1b9l_C,1b9l_D,1b9l_E,1b9l_F,1b9l_G,1b9l_H,3r2e_A"
2.102.10,111,111,100.0,"1rfs_A,3azc_A,1q90_C,5cxm_A,5cxm_B,5cxm_C,5cxm_D,1vm9_A,2q3w_A,4p1b_H"
3.30.559,111,111,100.0,"1noc_B,1pd5_A,1pd5_B,1pd5_C,1pd5_D,1pd5_E,1pd5_F,1pd5_G,1pd5_H,1pd5_I"
3.90.230,111,111,100.0,"4u1b_A,2g6p_A,4hxx_A,4u69_A,4u6c_A,4u6e_A,4u6j_A,4u6w_A,4u6z_A,4u70_A"
3.30.2310,111,111,100.0,"1wmi_A,1wmi_C,3oei_C,3oei_D,3oei_G,3oei_H,3oei_K,3oei_L,3oei_O,3oei_P"
2.40.240,111,111,100.0,"1vhk_A,1vhk_C,1vhy_A,1nxz_A,1nxz_B,1vhy_B,4e8b_A,5o95_A,5o95_B,5o95_C"
3.40.225,110,110,100.0,"3ocr_A,3ocr_B,4m6r_A,4m6r_B,4m6r_C,4m6r_D,1jdi_A,1jdi_B,1jdi_C,1jdi_D"
3.30.390,108,108,100.0,"3hrd_C,3hrd_G,1rpu_A,1r9f_A,1rpu_B,4j39_A,4j5v_A,4jgn_A,4jk0_D,4jnx_A"
3.30.860,108,108,100.0,"1fjg_S,1fka_S,1hnw_S,1hnx_S,1hnz_S,1hr0_S,1i94_S,1ibk_S,1ibl_S,1ibm_S"
2.10.50,108,108,100.0,"4f9a_B,4f9a_D,4f9b_B,4f9c_B,3u3p_A,3qo4_A,3u3q_A,3u3s_A,3u3t_A,3u3v_A"
2.170.210,108,108,100.0,"4ckn_A,4ckm_A,4ckm_B,4ckm_C,4ckn_B,4ckn_C,4ckn_D,4ckp_A,4ckp_B,4ckp_C"
2.60.20,107,107,100.0,"3cw3_A,3sny_A,3i9h_A,3i9h_B,3i9h_C,3i9h_D,3i9h_E,3i9h_F,3i9h_G,3i9h_H"
2.40.150,107,107,100.0,"5an9_E,1jj2_J,1k73_L,1k8a_L,1k9m_L,1kc8_L,1kd1_L,1kqs_J,1m1k_L,1m90_L"
2.40.260,106,106,100.0,"4y4q_A,4y4q_B,5b23_A,5b23_B,5yfk_A,3psq_A,3psq_B,4d70_A,4d70_B,5utt_A"
3.90.330,105,105,100.0,"4ob1_A,1ire_A,1ugp_A,1ugq_A,1ugr_A,1ugs_A,3vyh_A,4ob0_A,4ob2_A,4ob3_A"
3.40.980,105,105,100.0,"2g2c_A,1mkz_A,1mkz_B,1r2k_B,1r2k_A,3tcr_A,3rfq_A,3rfq_B,3rfq_C,3tcr_B"
1.10.246,104,104,100.0,"3fwb_C,3fwc_C,3fwc_D,3fwc_G,3fwc_H,3fwc_K,3fwc_L,3fwc_O,3fwc_P,3kik_A"
3.40.1350,104,104,100.0,"2zyz_A,2zyz_C,1a79_A,1a79_B,1a79_C,1a79_D,3iey_A,3iey_B,3if0_X,4qbl_A"
3.30.540,101,101,100.0,"5i3s_A,5i3s_B,5i3s_C,5i3s_D,5j16_A,5j16_B,5j16_C,5j16_D,5yht_A,5yht_B"
1.25.10,100,100,100.0,"5vjc_A,5vjc_B,2of3_A,3gae_A,3gae_B,4lac_A,3c5w_A,5dn7_A,4qmh_A,4qmi_A"
4.10.640,99,99,100.0,"1fjg_R,1fka_R,1g1x_C,1g1x_H,1hnw_R,1hnx_R,1hnz_R,1hr0_R,1i94_R,1ibk_R"
1.20.140,99,99,100.0,"2aze_A,5tuu_A,4hkr_A,4hkr_B,4hks_A,4hks_B,3n0r_A,3t0y_C,4qic_A,4g97_A"
1.10.1050,97,97,100.0,"1fjg_D,1fka_D,1hnw_D,1hnx_D,1hnz_D,1hr0_D,1i94_D,1ibk_D,1ibl_D,1ibm_D"
3.30.1460,96,96,100.0,"3cxj_A,3cxj_B,3cxj_C,3cxj_D,2plg_A,2plg_B,2bsj_A,2bho_A,2bsh_A,2bsh_B"
4.10.80,96,96,100.0,"3ifu_A,2pw9_A,2pw9_B,2pw9_C,2pw9_D,2oj5_B,1al2_4,1ar6_4,1ar7_4,1ar8_4"
3.30.1320,96,96,100.0,"1fjg_P,1hnw_P,1hnx_P,1hnz_P,1hr0_P,1i94_P,1ibk_P,1ibl_P,1ibm_P,1j5e_P"
3.40.20,95,95,100.0,"3da7_A,3da7_B,3da7_E,3da7_G,3daw_B,2w0i_A,3tu5_B,1c0f_S,1c0g_S,1d4x_G"
3.40.1210,95,95,100.0,"1l5x_A,1l5x_B,2v4o_A,2v4n_A,2v4o_B,2v4o_C,2v4o_D,4g9o_A,4g9o_B,4gad_A"
3.30.479,94,94,100.0,"1y13_A,1y13_B,1y13_C,2a0s_A,2a0s_B,3lx3_A,3lze_A,3m0n_A,3jyg_A,3jyg_B"
3.20.190,94,94,100.0,"4mb7_A,1k3w_A,1k3x_A,1q39_A,1q3b_A,1q3c_A,2ea0_A,2opf_A,2oq4_A,2oq4_B"
1.10.510,94,94,100.0,"5gz8_A,5gz9_A,5gza_A,5w5j_A,5ng0_A,5ng0_B,5ng2_A,5ng2_B,5ng3_D,5ng3_A"
3.40.1400,93,93,100.0,"3c5y_A,2ppw_A,2ppw_B,3c5y_B,3c5y_C,3c5y_D,3c5y_E,3c5y_F,3c5y_G,3c5y_H"
3.40.1310,92,92,100.0,"5xor_A,5xor_B,5xor_C,5xor_D,5xor_E,3dkx_A,3dkx_B,3dkx_C,3dky_A,3dky_B"
3.30.110,91,91,100.0,"4hvz_A,4hvz_B,4hvz_C,4hvz_D,3h35_A,3h35_B,3h35_C,3zig_A,3zig_B,2eh1_A"
3.90.1520,91,91,100.0,"2o09_A,2o09_B,2o0c_A,2o0c_B,2o0g_A,2o0g_B,3l6j_A,3l6j_B,3tf8_A,3tf8_B"
3.90.1720,90,90,100.0,"4f0v_A,3vpi_A,3vpj_A,3vpj_B,3vpj_C,3vpj_D,4eob_A,4eob_B,4eob_C,4eob_D"
4.10.830,88,88,100.0,"1fjg_N,1hnw_N,1hnx_N,1hnz_N,1hr0_N,1i94_N,1ibk_N,1ibl_N,1ibm_N,1j5e_N"
3.30.900,88,88,100.0,"4gk0_A,3abd_A,3abd_B,3abe_C,3vu7_C,4ext_C,4fjo_C,4gk0_B,4gk5_A,4gk5_B"
1.20.1440,86,86,100.0,"2rld_A,2rld_B,2rld_C,2rld_D,2rld_E,2fef_A,2fef_B,2fef_C,4dwl_A,4dwl_B"
3.40.1650,86,86,100.0,"3p12_A,3p12_B,3p12_C,3p12_D,3p13_A,3p13_B,3p13_C,3p13_D,3e7n_A,3e7n_B"
3.30.1520,86,86,100.0,"5gw0_A,5gw0_B,5gw0_C,5gw0_D,5gw0_E,5gw0_F,5gw1_A,5gw1_B,5gw1_C,5gw1_D"
2.60.34,85,85,100.0,"4f01_A,1dkx_A,1dky_A,1dky_B,1dkz_A,3dpo_A,3dpo_B,3dpp_A,3dpp_B,3dpq_A"
3.60.130,85,85,100.0,"5j92_A,5j92_B,5j92_C,5j92_D,4j5i_A,4j5i_B,4j5i_C,4j5i_D,4j5i_E,4j5i_F"
3.90.950,85,85,100.0,"1k7k_A,2pyu_A,2q16_A,2q16_B,3tqu_A,3tqu_B,3tqu_C,3tqu_D,1vp2_A,1vp2_B"
1.10.3210,80,80,100.0,"4n6w_A,4mlm_A,4mlm_B,4mln_A,4mln_B,4n71_A,4n71_B,4n71_D,4n71_E,4dmb_A"
1.10.439,80,80,100.0,"2wyb_A,2wyc_A,2wyd_A,2wye_A,3l91_A,3l94_A,3sra_A,3srb_A,3src_A,4bth_A"
3.90.176,80,80,100.0,"2bov_B,1g24_A,1g24_B,1g24_C,1g24_D,1gze_A,1gze_B,1gze_C,1gze_D,1gzf_A"
3.30.1300,80,80,100.0,"3emo_C,2gr7_A,2gr7_B,2gr7_C,2gr7_D,2gr7_E,2gr7_F,2gr8_A,2gr8_B,2gr8_C"
1.20.1290,79,79,100.0,"2af7_A,2af7_B,2af7_C,2af7_D,2af7_E,2af7_F,2af7_G,2af7_H,2af7_I,2qeu_A"
3.90.320,79,79,100.0,"3k93_A,3l0a_A,4ic1_A,4ic1_B,4ic1_C,4ic1_D,4ic1_F,4ic1_G,4ic1_H,4ic1_I"
1.10.3290,79,79,100.0,"3cuc_A,3cuc_B,4itr_A,3n3u_A,4itr_B,3zc7_A,3shg_A,3zcb_A,2f6s_A,2f6s_B"
3.50.4,78,78,100.0,"2yil_A,2yil_B,2yil_C,2yil_D,2yil_E,2yil_F,2yio_A,2yio_B,2yip_A,2yip_B"
2.10.77,77,77,100.0,"4cyz_A,4cyz_C,4cyz_E,4cz0_A,4cz0_C,4cz0_E,4qy0_A,4qy0_C,4qy0_E,4qy0_G"
6.20.20,76,76,100.0,"2bx9_A,2bx9_B,2bx9_C,2bx9_D,2bx9_E,2bx9_F,2bx9_G,2bx9_H,2bx9_I,2bx9_J"
1.10.3130,76,76,100.0,"1t3d_A,1s80_A,1s80_B,1s80_C,1s80_D,1s80_E,1s80_F,1ssm_A,1ssm_B,1ssm_C"
4.10.91,76,76,100.0,"2y69_J,1occ_J,1occ_W,1oco_J,1oco_W,1ocr_J,1ocr_W,1ocz_J,1ocz_W,1v54_J"
3.90.1180,76,76,100.0,"1jj2_I,1k73_K,1k8a_K,1k9m_K,1kc8_K,1kd1_K,1kqs_I,1m1k_K,1m90_K,1n8r_K"
1.10.3520,76,76,100.0,"4nt1_A,4nt1_B,4nt1_C,4nt1_D,4nt2_A,4ntg_A,4ntg_B,4nti_A,4nti_B,4nto_A"
2.30.31,76,76,100.0,"4agh_A,4bhm_A,4bhm_B,4bhm_C,4bhm_D,4bhm_E,4bhm_F,1pcf_A,1pcf_B,1pcf_C"
4.10.95,76,76,100.0,"2y69_G,1occ_G,1occ_T,1oco_G,1oco_T,1ocr_G,1ocr_T,1ocz_G,1ocz_T,1v54_G"
2.60.11,75,75,100.0,"2y69_F,1occ_F,1occ_S,1oco_F,1oco_S,1ocr_F,1ocr_S,1ocz_F,1ocz_S,1v54_F"
3.30.1340,75,75,100.0,"4alz_A,1cm2_A,1cm3_A,1opd_A,1poh_A,2jel_P,3ccd_A,3ccd_B,4xwj_B,5ya0_C"
4.10.93,74,74,100.0,"2y69_I,1occ_I,1occ_V,1oco_I,1oco_V,1ocr_I,1ocr_V,1ocz_I,1ocz_V,1v54_I"
3.90.850,73,73,100.0,"5d2f_A,5d2g_A,5d2h_A,5d2i_A,5d2i_B,5d2j_A,5d2j_B,5d2k_A,5d2k_B,2wqt_A"
3.20.16,73,73,100.0,"1cmv_A,1cmv_B,1id4_A,1id4_B,1iec_A,1iec_B,1ied_A,1ied_B,1ief_A,1ief_B"
3.30.720,73,73,100.0,"4v0b_A,4v0b_B,4v0b_C,1914_A,1e8o_A,1e8o_C,1e8o_B,1e8o_D,4uyj_A,4uyj_C"
2.30.170,73,73,100.0,"5mlc_Y,5h1s_Y,5mmi_Y,5x8t_Y,3j7z_X,4uy8_X,5an9_G,2qa4_U,1jj2_T,1k73_V"
1.10.620,72,72,100.0,"5tdu_B,3q14_B,3q2a_B,3q3m_B,3q3m_F,3q3n_B,3q3o_B,3ri7_B,3rmk_B,3rmk_E"
1.10.1660,72,72,100.0,"3gpv_A,3gpv_B,5d8c_A,5d8c_B,5d90_B,5d90_D,5d90_A,5d90_C,5e01_A,5e01_B"
3.10.310,72,72,100.0,"4lg3_A,4lg3_B,4lg3_C,4oa3_A,3g98_A,3g98_B,3ptj_A,3pvh_A,3pw9_A,1sdj_A"
3.40.1500,71,71,100.0,"2zxk_A,2zxk_B,2zxl_A,2zxl_B,3aga_A,3aga_B,3agb_A,3agb_B,3agc_A,3agc_B"
3.40.1370,70,70,100.0,"5dm7_C,1jj2_C,1k73_E,1k8a_E,1k9m_E,1kc8_E,1kd1_E,1kqs_C,1m1k_E,1m90_E"
4.10.51,70,70,100.0,"2y69_K,1occ_K,1occ_X,1oco_K,1oco_X,1ocr_K,1ocr_X,1ocz_K,1ocz_X,1v54_K"
3.30.1500,70,70,100.0,"3csl_C,1b2v_A,1dk0_A,1dk0_B,1dkh_A,2cn4_A,2cn4_B,2uyd_X,3csl_D,3csn_C"
3.90.210,69,69,100.0,"4k6l_G,1pto_A,1bcp_A,1bcp_G,1prt_A,1prt_G,1pto_G,1lt4_A,1htl_A,1lt3_A"
1.10.1090,69,69,100.0,"4d6t_F,1bcc_F,1be3_F,1bgy_F,1bgy_R,1l0l_F,1l0n_F,1ntk_F,1ntm_F,1ntz_F"
3.30.30,69,69,100.0,"3gku_A,3gku_B,3gku_C,1xrs_B,4he7_A,3cw4_A,2jdq_D,2jdq_E,2vy6_A,3kc6_A"
2.20.70,68,68,100.0,"5cq2_A,1eg3_A,1eg4_A,1s7m_A,1s7m_B,1s7m_C,1s7m_D,1s7m_E,1s7m_F,3lkx_B"
3.40.1620,67,67,100.0,"3g5o_A,3g5o_D,3hon_A,3hsh_A,3hsh_B,3hsh_C,3hsh_D,3hsh_E,3hsh_F,3oei_A"
1.20.1050,67,67,100.0,"1yew_C,1yew_G,1yew_K,3chx_C,3chx_G,3chx_K,3rfr_C,3rfr_G,3rfr_K,3rgb_C"
3.30.280,67,67,100.0,"2fvh_A,2fvh_B,2fvh_C,5a6t_A,5fsd_A,5fse_A,5g4h_A,5ol4_A,3qga_A,3qga_D"
4.10.520,67,67,100.0,"2np2_A,2np2_B,5fbm_A,1b8z_A,1b8z_B,1huu_A,1huu_B,1huu_C,1mul_A,1riy_A"
3.30.750,67,67,100.0,"3ny7_A,1j7x_A,4hyl_A,4hyl_B,4qtp_A,4qtp_B,4qtp_C,4qtp_D,3t6o_A,3t6o_B"
3.90.540,66,66,100.0,"3gjn_B,1bxi_B,1emv_B,1fr2_B,1fsj_B,1fsj_C,1fsj_D,1fsj_E,1m08_A,1m08_B"
3.50.50,66,66,100.0,"4fk1_A,4fk1_B,4fk1_D,4fk1_C,3fbs_A,3fbs_B,3cty_A,3cty_B,5uth_A,1fl2_A"
1.20.59,66,66,100.0,"2qbv_A,2vkl_A,2w19_C,2w19_D,2w1a_C,2w1a_D,5ckx_C,5ckx_D,5mpv_D,5hub_A"
3.10.440,65,65,100.0,"1s72_X,1jj2_W,1k73_Y,1k8a_Y,1k9m_Y,1kc8_Y,1kd1_Y,1kqs_W,1m1k_Y,1m90_Y"
1.10.1650,65,65,100.0,"1s72_P,1jj2_O,1k73_Q,1k8a_Q,1k9m_Q,1kc8_Q,1kd1_Q,1kqs_O,1m1k_Q,1m90_Q"
4.10.990,65,65,100.0,"1s72_L,1jj2_K,1k73_M,1k8a_M,1k9m_M,1kc8_M,1kd1_M,1kqs_K,1m1k_M,1m90_M"
3.30.740,64,64,100.0,"5wof_A,1cmi_A,1cmi_B,2p2t_A,2pg1_A,2pg1_B,2pg1_C,2pg1_D,2xqq_A,2xqq_B"
3.40.1120,64,64,100.0,"2qa4_M,1jj2_L,1k73_N,1k8a_N,1k9m_N,1kc8_N,1kd1_N,1kqs_L,1m1k_N,1m90_N"
3.90.10,64,64,100.0,"3h33_A,1os6_A,3bxu_A,3bxu_B,3sel_X,3sj0_X,3sj1_X,3sj4_X,4haj_A,4hb6_A"
1.10.1280,63,63,100.0,"3nm8_A,3nm8_B,3npy_A,3npy_B,3nq0_A,3nq0_B,3nq1_A,3nq1_B,3nq5_A,3nq5_B"
3.10.120,63,63,100.0,"3ks0_A,3ks0_B,4b8n_A,4b8n_B,4b8n_C,4b8n_D,1x3x_A,1x3x_B,4x8y_A,4x8y_B"
3.30.10,62,62,100.0,"3w0d_A,3w0d_B,3w0e_A,3w0e_B,3rdy_A,3rdz_C,3rdz_D,1vbw_A,5e10_A,3py9_A"
2.40.480,61,61,100.0,"4h6b_A,4h69_A,4h69_B,4h69_C,4h69_D,4h69_E,4h69_F,4h6a_A,4h6a_B,4h6a_C"
1.10.1520,58,58,100.0,"1ztd_A,1ztd_B,4oun_A,1u61_A,2gsl_A,2gsl_B,2gsl_C,2gsl_D,2gsl_E,2gsl_F"
4.10.280,58,58,100.0,"1am9_A,1am9_B,1am9_C,1am9_D,1ukl_C,1ukl_D,1ukl_E,1ukl_F,4h10_B,1mdy_A"
2.60.260,57,57,100.0,"3i38_A,3i38_B,3i38_C,3i38_D,3i38_E,3i38_F,3i38_G,3i38_H,3i38_I,3i38_J"
3.60.40,57,57,100.0,"4iik_A,4iip_A,3w40_A,3w40_B,3w41_A,3w42_A,3w42_B,3w43_A,3w44_A,3w44_B"
3.40.395,57,57,100.0,"4wx4_A,1avp_A,1nln_A,4ekf_A,4pid_A,4pie_A,4piq_A,4pis_A,4wx6_A,4wx6_C"
3.40.1410,57,57,100.0,"2ooi_A,2ooi_B,3l5z_A,3l5z_B,3lhe_A,2ogg_A,3ddv_A,3ddv_B,3ddv_C,3ddv_D"
2.10.109,57,57,100.0,"1jhf_A,1jhc_A,1jhe_A,1jhe_B,1jhf_B,1jhh_A,1jhh_B,1umu_A,1ay9_A,1ay9_B"
2.40.320,57,57,100.0,"5a5y_A,3v85_A,5a5y_B,5a66_A,5a66_B,5a67_A,5a68_A,3sy3_A,3sy3_B,3sy3_C"
3.30.1640,56,56,100.0,"1ltl_A,1ltl_B,1ltl_C,1ltl_D,1ltl_E,1ltl_F,2vl6_A,2vl6_B,2vl6_C,4pof_A"
1.10.4090,56,56,100.0,"3j2v_C,1qgt_C,1qgt_D,1qgt_B,1qgt_A,2g33_C,2g33_D,2g33_B,2g33_A,3j2v_D"
3.40.5,56,56,100.0,"2q9q_A,2e9x_B,2e9x_F,2eho_C,2eho_G,2eho_K,2q9q_E,3j7z_H,1div_A,2hba_A"
3.90.1640,56,56,100.0,"4rpa_A,4rpa_B,1wpp_A,1i74_A,1i74_B,1k20_A,1k20_B,1wpp_B,2enx_A,2enx_B"
1.20.930,56,56,100.0,"2dla_A,2dla_B,2dla_C,2b4j_C,2b4j_D,3f9k_C,3f9k_G,3f9k_K,3f9k_O,3f9k_S"
2.50.20,55,55,100.0,"1iwm_A,1iwm_B,1iwn_A,2v42_A,2p4b_A,2p4b_B,2p4b_C,2v42_B,2v43_A,2v43_B"
1.10.1670,54,54,100.0,"3n5n_X,3n5n_Y,5kn8_A,5kn9_A,1kg2_A,1kg3_A,1kg4_A,1kg5_A,1kg6_A,1kg7_A"
4.10.220,54,54,100.0,"1ijd_A,1ijd_C,1ijd_E,1kzu_A,1kzu_D,1kzu_G,1nkz_A,1nkz_C,1nkz_E,2fkw_A"
3.30.920,54,54,100.0,"3imo_A,3imo_B,3imo_C,3imo_D,2fug_7,2fug_H,2fug_Q,2fug_Z,3i9v_7,3i9v_H"
1.10.3420,54,54,100.0,"2yeu_A,2yeu_B,2yeu_C,2yeu_D,2yeu_E,2yeu_F,2yf3_A,2yf3_B,2yf3_C,2yf3_D"
1.20.91,54,54,100.0,"5cqe_A,1aa7_A,1aa7_B,1ea3_A,1ea3_B,2z16_A,2z16_B,3md2_A,3md2_B,3md2_C"
3.90.870,53,53,100.0,"1hru_A,1hru_B,4p6c_A,1g57_A,1g57_B,1g58_A,1g58_B,3lqu_A,3lqu_B,3lrj_A"
1.50.10,53,53,100.0,"3m71_A,3m72_A,3m73_A,3m74_A,3m75_A,3m76_A,3m77_A,3m78_A,3m7b_A,3m7c_A"
1.10.1760,52,52,100.0,"4z7f_A,4z7f_B,4z7f_C,4z7f_D,4z7f_E,4z7f_F,4rfs_S,4hzu_S,5kc0_A,5kbw_A"
1.10.555,51,51,100.0,"1f7c_A,2xs6_A,5c5s_A,5c5s_B,5c5s_C,5c5s_D,5hpy_A,5hpy_D,3wpq_A,2ovj_A"
2.10.150,51,51,100.0,"4z42_B,4z42_E,4z42_H,4z42_K,1ie7_B,1s3t_B,1ubp_B,2ubp_B,3ubp_B,4ac7_B"
1.20.1330,51,51,100.0,"2d4x_A,4cfi_A,5maw_D,5wjt_A,5wjt_B,5wjt_C,5wjt_D,5wjt_E,5wjt_F,5wjt_G"
3.40.1260,51,51,100.0,"1jx7_A,1jx7_B,1jx7_C,1jx7_D,1jx7_E,1jx7_F,2hy5_C,2hyb_C,2hyb_F,2hyb_I"
1.10.1780,51,51,100.0,"4hh5_A,4hh6_A,5hbn_A,2y1q_A,2y1r_A,2y1r_B,2y1r_C,2y1r_D,2y1r_E,2y1r_F"
2.40.20,50,50,100.0,"2pf1_A,1nl1_A,1nl2_A,2pf2_A,2spt_A,4d3c_A,1krn_A,1pk4_A,1pmk_A,1pmk_B"
3.30.700,50,50,100.0,"1t92_A,1t92_B,3g20_A,3g20_B,4lw9_A,3fu1_A,3fu1_B,4lw9_B,4lw9_C,4lw9_D"
2.170.240,50,50,100.0,"1li1_A,1li1_B,1li1_D,1li1_E,1m3d_A,1m3d_B,1m3d_D,1m3d_E,1m3d_G,1m3d_H"
1.10.2000,49,49,100.0,"1ijx_A,1ijx_B,1ijx_C,1ijx_D,1ijx_E,1ijx_F,5bpb_A,5bpb_B,5bpb_D,5bpb_C"
2.10.220,49,49,100.0,"4hrn_C,4hrn_D,4bso_A,4bsp_A,4bsr_C,4bsr_D,4bss_C,4bss_D,4bss_G,4bss_H"
3.40.33,48,48,100.0,"4p27_A,3u3l_C,3u3n_C,3u3u_C,2vzn_A,2vzn_B,1qnx_A,1rc9_A,1wvr_A,1xta_A"
4.10.170,48,48,100.0,"4hkd_A,3wws_A,4hkd_B,4hkd_C,4hkd_D,4l0n_A,4l0n_B,4l0n_C,4l0n_D,4l0n_E"
2.70.70,48,48,100.0,"4bh5_A,4bh5_B,4bh5_C,4bh5_D,2b0p_A,2b0p_B,2b13_A,2b13_B,2b44_A,2b44_B"
3.90.1030,48,48,100.0,"3e0j_B,3e0j_D,3e0j_F,3e0j_H,5v7q_N,5xym_N,1gd8_A,1gd8_B,1gd8_C,1gd8_D"
3.90.730,47,47,100.0,"3d3z_A,3tbj_A,1bol_A,1dix_A,4dvl_A,4dvk_A,4dvk_B,4dvl_B,4dvn_A,4dvn_B"
1.10.3720,47,47,100.0,"4yms_D,4yms_C,4ymt_C,4ymt_B,4ymu_D,4ymu_C,4ymv_D,4ymv_C,4ymw_D,4ymw_C"
1.20.1200,47,47,100.0,"3ke4_A,3ke4_B,3ke4_C,3ke5_A,3ke5_B,3ke5_C,1wvt_A,1wvt_B,1wvt_C,2ah6_A"
2.10.110,47,47,100.0,"2xqn_T,2iyb_E,2iyb_F,2iyb_G,2iyb_H,3nih_A,3nij_A,3nik_A,3nik_B,3nik_D"
3.30.1890,47,47,100.0,"3b8m_A,3b8m_B,3b8m_C,3b8n_A,3b8n_B,3b8n_C,3b8n_D,3b8n_E,3b8n_F,3b8n_G"
3.40.1440,46,46,100.0,"2d7e_A,2d7e_B,2d7e_C,2d7e_D,2d7g_A,2d7g_B,2d7g_C,2d7g_D,2d7h_A,2d7h_B"
3.40.1550,46,46,100.0,"3h2d_A,3h2d_B,3iic_A,3iic_B,3h4y_A,3hm4_A,3hm4_B,3qta_A,3qta_B,1xko_A"
1.10.132,46,46,100.0,"3p9a_A,3p9a_B,3p9a_C,3p9a_D,3p9a_E,3p9a_F,3p9a_G,3p9a_H,3p9a_I,3sjr_A"
3.30.46,46,46,100.0,"2azt_A,1r74_A,1r74_B,2azt_B,1bhj_A,1bhj_B,1d2c_A,1d2c_B,1d2g_A,1d2g_B"
3.30.370,45,45,100.0,"5f4c_A,2cx6_A,2cx6_B,5f4c_B,1a19_A,1a19_B,1ay7_B,1b27_D,1b27_E,1b27_F"
1.20.80,45,45,100.0,"3flv_A,2wh5_A,2wh5_B,2wh5_C,2wh5_D,2wh5_E,2wh5_F,3flv_B,3fp5_A,2cb8_A"
2.30.280,45,45,100.0,"4rzl_A,4rzl_B,2pb7_A,2zkd_A,2zkd_B,2zke_A,2zkf_A,2zkg_A,2zkg_B,2zkg_C"
1.20.890,44,44,100.0,"4rta_A,3g36_A,3g36_B,3g36_C,3g36_D,4riq_A,4riq_B,4riq_D,4riq_E,4riq_G"
2.170.15,44,44,100.0,"2d42_A,2d42_B,2xh6_A,2xh6_B,2xh6_C,2yhj_A,2yhj_B,3ziw_A,3ziw_B,3ziw_C"
1.10.110,44,44,100.0,"1hss_A,1hss_B,1hss_C,1hss_D,1bfa_A,1bea_A,1b1u_A,1tmq_B,4cvw_C,4cvw_D"
1.10.225,43,43,100.0,"2qyp_A,2gtg_A,2qyp_B,2z9a_A,2z9a_B,2r0r_A,2r0r_B,2r1q_A,2rb3_A,2rb3_B"
3.30.1740,43,43,100.0,"3j80_a,3j81_a,3jam_a,5a2q_a,5flx_a,5it9_a,5ll6_e,5xxu_a,3j7a_3,5xyi_a"
3.30.360,43,43,100.0,"1mhm_B,3iwb_B,3iwb_D,3iwc_B,3iwc_D,3iwd_B,3iwd_D,5tvo_B,2q22_A,2q22_B"
3.90.175,42,42,100.0,"1dtp_A,3ess_A,2q6m_A,3ki0_A,3ki1_A,3ki2_A,3ki3_A,3ki4_A,3ki5_A,3ki6_A"
1.10.30,42,42,100.0,"4qr9_A,1ckt_A,4qr9_B,3tmm_A,3fgh_A,3tq6_A,3tq6_B,4nnu_A,4nnu_B,4nod_A"
1.20.960,42,42,100.0,"2d68_A,2d68_B,1uuj_A,1uuj_B,1uuj_C,1uuj_D,2v1s_A,2v1s_B,2v1s_C,2v1s_D"
4.10.260,41,41,100.0,"1hfe_S,1hfe_T,5kdo_G,1a0r_G,1b9x_B,1b9y_B,1got_G,1tbg_E,1tbg_F,1tbg_G"
3.90.1140,41,41,100.0,"2fsq_A,1fsi_A,1fsi_B,1fsi_C,1jh6_A,1jh6_B,1jh7_A,4h7w_A,5v1m_A,2d4g_A"
2.30.130,41,41,100.0,"3iuw_A,3iuw_B,1zbo_A,1zbo_B,2z0t_A,2z0t_B,2z0t_C,2z0t_D,3laz_A,3laz_B"
3.40.1510,40,40,100.0,"4ok9_A,1vea_A,1vea_B,1wmq_A,1wmq_B,1wps_A,1wps_B,1wpt_A,1wpt_B,1wpu_A"
1.20.142,40,40,100.0,"4ijs_A,3zla_A,3zla_B,3zla_C,3zla_D,3zla_E,3zla_F,3zla_G,3zla_H,4ijs_B"
3.30.1140,39,39,100.0,"1ygt_A,2pg1_E,2pg1_F,2pg1_G,2pg1_H,3fm7_A,3fm7_B,1izn_A,1izn_C,3aa0_A"
3.90.280,39,39,100.0,"1qou_A,1qou_B,1wko_A,1wko_B,1wkp_A,1wkp_B,1wkp_C,1wkp_D,3axy_A,3axy_B"
3.30.870,38,38,100.0,"4ggj_A,4ggk_A,2f5t_X,4urj_A,4urj_B,4urj_C,4urj_D,5lzk_A,5lzk_B,5qhi_A"
6.20.250,38,38,100.0,"2v8q_B,4qfg_B,4qfr_B,4qfs_B,5kq5_B,4bmj_A,4bmj_B,4bmj_C,4bmj_D,4bmj_E"
3.30.2400,38,38,100.0,"1ohg_A,1ohg_B,1ohg_C,1ohg_D,1ohg_E,1ohg_F,1ohg_G,2fsy_A,2fsy_B,2fsy_C"
3.30.1550,38,38,100.0,"3j7y_J,4v19_K,5ool_J,5oom_J,5mmi_J,1mms_A,2nxn_B,2zjp_F,2zjq_F,3cf5_F"
3.10.590,38,38,100.0,"2p5d_A,1wmm_A,2hd9_A,2zbn_A,4rci_A,4rci_B,4rci_C,4rci_D,4rcj_A,4rdn_A"
2.170.16,38,38,100.0,"4oz6_A,1am2_A,2imz_A,2imz_B,2in0_A,2in8_A,2in9_A,3ifj_A,3ifj_B,3igd_A"
3.40.1810,38,38,100.0,"5f28_A,1egw_A,1egw_B,1egw_C,1egw_D,1n6j_A,1n6j_B,1tqe_P,1tqe_Q,1tqe_R"
3.90.740,38,38,100.0,"1wka_A,1wk9_A,3pz6_A,3pz6_B,3pz6_C,3pz6_D,3pz6_E,3pz6_F,2wfd_A,2wfd_B"
3.90.1010,37,37,100.0,"2z7e_A,2z7e_B,2z7e_C,4eb5_C,4eb5_D,4eb7_C,5wkp_D,3lvl_A,5wkp_H,5wlw_D"
1.10.3460,37,37,100.0,"5xnl_S,5xnl_s,5xnm_S,5xnm_s,2o01_2,3jcu_G,1rwt_A,1rwt_B,1rwt_C,1rwt_D"
3.30.465,37,37,100.0,"2o3g_A,2r2z_A,3ded_A,3ded_B,3ded_C,3ded_D,3ded_E,3ded_F,2oai_A,2r8d_A"
3.90.1210,37,37,100.0,"1msi_A,1ame_A,1b7i_A,1b7j_A,1b7k_A,1ekl_A,1gzi_A,1hg7_A,1jab_A,1msj_A"
3.30.2140,37,37,100.0,"3lnb_A,4dmo_A,4dmo_B,4nv7_A,2bsz_A,2bsz_B,4nv7_B,4nv8_A,4nv8_B,1gx3_A"
3.10.290,36,36,100.0,"4w5v_B,5fq2_B,3ong_A,3ong_C,3onh_A,2i1s_A,2i1s_B,2ztb_A,2ztb_B,3hp7_A"
3.90.1740,36,36,100.0,"2xmi_A,1woj_A,2y1p_A,2y3x_A,2y3x_B,2y3x_E,2ydb_A,2ydc_A,2ydd_A,2yoz_A"
2.40.400,36,36,100.0,"3c8w_A,3bgt_A,3bgt_B,3bgt_C,3bgt_D,3bh3_A,3bh3_B,3bh3_C,3bh3_D,3c8w_B"
3.30.1060,36,36,100.0,"4d7l_A,4d7l_B,4d7l_C,1fva_A,1fva_B,1fvg_A,1ff3_A,1ff3_B,1ff3_C,1nwa_A"
3.50.7,36,36,100.0,"1gml_A,1gml_B,1gml_C,1gml_D,1gn1_A,1gn1_B,1gn1_C,1gn1_D,1gn1_E,1gn1_F"
1.20.1710,36,36,100.0,"2j0o_A,2j0n_A,2j0n_B,2j0o_B,2jaa_A,2jaa_B,3r9v_A,3r9v_B,5vxj_A,5vxj_C"
1.10.890,36,36,100.0,"2xuv_A,2xuv_B,2xuv_C,2xuv_D,4xvv_A,4xvv_B,1bg8_A,1bg8_B,1bg8_C,1dj8_A"
3.40.1390,36,36,100.0,"1ko7_A,1ko7_B,1knx_A,1knx_B,1knx_C,1knx_D,1knx_E,1knx_F,1nmo_A,1nmo_B"
1.10.1820,36,36,100.0,"1jwh_C,1jwh_D,1qf8_A,1qf8_B,1rqf_A,1rqf_B,1rqf_D,1rqf_E,1rqf_G,1rqf_H"
3.30.43,36,36,100.0,"1n5w_C,1n5w_F,1n60_C,1n60_F,1n61_C,1n61_F,1n62_C,1n62_F,1n63_C,1n63_F"
2.70.20,36,36,100.0,"4d4t_A,2vqp_A,2ykd_A,4v23_A,4lp7_A,4lp7_B,4lp7_C,4lp7_D,3f1j_A,4hi5_A"
3.40.1000,36,36,100.0,"3hlz_A,3hlz_B,2xb3_A,3bcy_A,3v7b_A,3v7b_B,4l9c_A,4l9c_B,4l9h_A,4esq_A"
3.30.1450,35,35,100.0,"4dm5_A,4dm5_B,4dm5_C,4dm5_D,3d4e_A,5d0o_E,2yh9_A,2yh9_B,2yh9_C,5ayw_E"
2.70.130,35,35,100.0,"3k41_A,1c39_A,1c39_B,1keo_A,1keo_B,1m6p_A,1m6p_B,2rl7_A,2rl7_B,2rl7_C"
2.102.30,35,35,100.0,"3n99_A,3dcl_A,3dcl_B,3dcl_C,3dcl_D,3dcl_E,3n99_B,3n99_C,3n99_D,3n99_E"
1.10.1240,35,35,100.0,"4hh3_C,4heh_A,4heh_B,2i2x_B,2i2x_D,2i2x_F,2i2x_H,2i2x_J,2i2x_L,2i2x_N"
3.30.1410,35,35,100.0,"1is7_K,1is7_L,1is7_M,1is7_N,1is7_O,1is7_P,1is7_Q,1is7_R,1is7_S,1is7_T"
1.10.196,35,35,100.0,"2ihb_B,1agr_E,1agr_H,2v4z_B,2af0_A,4ekd_B,1dk8_A,1emu_A,1fqi_A,1fqj_B"
3.40.210,35,35,100.0,"2odh_A,2odi_A,2odi_B,2q10_A,2q10_B,3imb_A,3imb_B,3imb_C,3imb_D,1ni0_A"
3.90.209,35,35,100.0,"1jsd_A,1jsh_A,1jsi_A,3qqi_A,3qqi_B,3mlh_A,3mlh_B,3uyw_A,3uyw_B,3uyw_C"
3.40.47,34,34,100.0,"4nhd_A,4nhd_B,4nhd_C,4nhd_D,4ylt_A,4z19_A,1ebl_A,1ebl_B,1hn9_A,1hn9_B"
3.90.245,34,34,100.0,"3mkm_A,1q8f_A,1q8f_B,1q8f_C,1q8f_D,3mkm_B,3mkm_C,3mkm_D,3mkn_A,3mkn_B"
3.15.10,34,34,100.0,"4kgh_B,4kgh_A,4kgo_B,4kgo_A,5i7j_A,5i7j_B,5i7k_A,5i7k_B,5i7l_A,5i7l_B"
3.20.80,34,34,100.0,"3gk6_A,1jyh_A,4b0y_A,3r8j_A,3r8j_B,3r8k_A,3r8k_B,3r8k_C,3r8k_D,4ayz_A"
2.40.250,33,33,100.0,"4n9f_a,1e50_B,1e50_D,1e50_F,1e50_H,1h9d_B,1h9d_D,1io4_D,3wts_B,3wts_G"
3.90.56,33,33,100.0,"2inn_L,2inp_L,4gam_D,4gam_I,4gam_N,4gam_S,3dhh_E,2bf2_A,2bf2_B,2bf3_A"
4.10.160,33,33,100.0,"1lrw_B,1lrw_D,5xm3_B,1g72_B,1g72_D,1h4i_B,1h4i_D,1h4j_B,1h4j_D,1h4j_F"
1.20.1540,33,33,100.0,"4njn_A,2ic8_A,2irv_A,2irv_B,2nrf_A,2nrf_B,2o7l_A,2xov_A,2xow_A,2xtu_A"
2.115.10,33,33,100.0,"2b4w_A,5c2m_A,1tl2_A,4qqs_A,4qqs_B,3kst_A,3kst_B,5c0p_A,3qed_A,3qed_B"
3.90.1150,33,33,100.0,"2wb6_A,2a1v_A,3h9x_A,3h9x_B,3h9x_C,3h9x_D,2oc6_A,2oc6_B,2i8d_A,2i8d_B"
3.30.170,33,33,100.0,"1qb3_A,1puc_A,1qb3_B,1qb3_C,1sce_A,1sce_B,1sce_C,1sce_D,3qy2_A,3qy2_B"
1.10.340,33,33,100.0,"1u84_A,2abk_A,3vw4_A,3vw4_B,3nnq_A,3nnq_B,4nzg_A,4nzg_B,4nzg_C,4nzg_D"
1.20.1170,32,32,100.0,"1qoy_A,2wcd_A,2wcd_B,2wcd_C,2wcd_D,2wcd_E,2wcd_F,2wcd_G,2wcd_H,2wcd_I"
4.10.490,32,32,100.0,"2hip_A,2hip_B,3h31_A,4pkf_B,5bwe_B,5bwe_F,1js2_A,1b0y_A,1cku_A,1cku_B"
3.80.20,32,32,100.0,"4oga_E,3w11_E,4xss_E,4xst_E,5j3h_E,3b2u_A,3b2u_B,3b2u_E,3b2u_I,3b2u_M"
3.40.1690,31,31,100.0,"3b0z_B,3b1s_B,3b1s_D,3b1s_F,2jlh_A,2jli_A,2jlj_A,2v5g_A,2w0r_A,5cul_B"
2.60.15,31,31,100.0,"1e79_H,1h8e_H,2ck3_H,2jdi_H,2v7q_H,2w6j_H,2wss_H,2wss_Q,2xnd_H,4asu_H"
1.10.1900,31,31,100.0,"4ive_A,2x04_A,2x04_B,3ktp_A,3ktr_A,3kui_A,3kuj_A,3kur_A,3kur_B,3kur_C"
1.10.940,31,31,100.0,"1q8c_A,1eyv_A,1eyv_B,3r2d_A,3r2c_A,3r2c_B,3r2d_B,4eya_A,4eya_B,4eya_C"
2.30.60,31,31,100.0,"3s3z_A,1l5b_A,1l5b_B,1lom_A,2pys_A,2pys_B,2rdk_A,2rdk_B,2z21_A,2z21_B"
3.40.830,31,31,100.0,"3bcz_A,3bcz_B,3bcz_C,3bcz_D,3bd0_A,3bd0_B,3bd0_C,3bd0_D,5hee_A,5hee_B"
3.10.330,30,30,100.0,"5ccb_A,5ccx_A,5cd1_A,5cd1_D,1o54_A,2q18_X,2q19_X,2q1a_X,2q1c_X,2q1d_X"
3.75.10,30,30,100.0,"3i2e_A,2c6z_A,2ci1_A,2ci3_A,2ci4_A,2ci5_A,2ci5_B,2ci6_A,2ci7_A,2jai_A"
2.60.520,30,30,100.0,"2wzp_A,1zru_A,1zru_B,1zru_C,2bsd_A,2bsd_B,2bsd_C,2wzp_B,2wzp_C,2wzp_G"
1.10.140,30,30,100.0,"1cma_A,1cma_B,1cmb_A,1cmb_B,1cmc_A,1cmc_B,1mj2_A,1mj2_B,1mj2_C,1mj2_D"
2.170.40,30,30,100.0,"2nxy_A,1g9n_G,1rzk_G,1yyl_G,1yyl_P,1yym_G,1yym_P,2i5y_G,2i5y_P,2i60_G"
3.30.1610,30,30,100.0,"1ko6_A,1ko6_C,2q5x_A,2q5y_A,2q5y_C,3tkn_C,3tkn_F,3tkn_I,5e0q_B,3kep_A"
6.10.10,29,29,100.0,"3hgi_A,3hhx_A,3hhy_A,3hj8_A,3hjq_A,3hjs_A,3hkp_A,3i4v_A,3i4y_A,3i51_A"
1.10.575,29,29,100.0,"3sng_A,4dj4_A,4dj4_B,4jdg_A,3w52_A,4cwm_A,4cwm_B,4cxo_A,4cxp_A,4cxv_A"
3.30.62,29,29,100.0,"2xi1_A,1avv_A,1avz_A,1avz_B,1efn_B,1efn_D,2xi1_B,3rbb_A,3rbb_C,3rea_A"
3.40.570,29,29,100.0,"1zm8_A,2o3b_A,3ism_A,3ism_B,5gkc_A,3s5b_A,3s5b_B,4qn0_A,4qn0_B,4qn0_C"
3.20.100,29,29,100.0,"1d8h_A,1d8h_B,1d8h_C,1d8i_A,1d8i_B,1d8i_C,3kyh_A,3kyh_B,4pn0_A,4pn0_B"
3.90.1530,28,28,100.0,"1xw3_A,1xw4_X,2rii_X,2rii_Y,3cyi_A,3hy2_X,3hy2_Y,1vz0_A,1vz0_B,1vz0_C"
1.20.150,28,28,100.0,"1gak_A,5ii7_A,1lis_A,1lyn_A,1lyn_B,2lis_A,2lyn_A,2lyn_B,2lyn_C,2lyn_D"
1.10.100,28,28,100.0,"1gzr_B,1gzy_B,1gzz_B,1h02_B,1h59_A,1imx_A,1tgr_A,1tgr_B,1wqj_I,2dsp_I"
3.90.520,28,28,100.0,"5x6g_A,1mhd_A,1mhd_B,1ozj_A,1ozj_B,3kmp_A,3kmp_B,5od6_A,5od6_B,5odg_A"
1.10.1450,27,27,100.0,"1g8q_A,1g8q_B,1iv5_A,1iv5_B,3x0e_A,3x0e_B,3x0f_A,3x0f_B,3x0g_A,5dfv_A"
1.10.1300,27,27,100.0,"5edi_A,3lxg_A,4heu_A,4heu_B,4hf4_A,4hf4_B,5ede_A,5ede_C,5ede_D,5ede_B"
2.10.270,27,27,100.0,"1gvm_A,1gvm_B,1gvm_C,1gvm_D,1gvm_E,1gvm_F,1h8g_A,1h8g_B,1hcx_A,1hcx_B"
3.30.56,27,27,100.0,"1jid_A,1mfq_B,3ktv_B,3ktv_D,4p3e_B,5m73_B,5m73_F,3h0d_A,3h0d_B,1l9a_A"
1.10.3330,27,27,100.0,"3o7h_A,3o7h_B,3o7i_A,3o7i_B,3o7j_A,3o7k_A,5uou_A,2q37_A,2o70_A,2o70_B"
3.90.960,26,26,100.0,"1vki_A,1vki_B,1vjf_A,5vxb_A,5vxb_B,5vxb_C,3ri0_A,2cx5_A,2cx5_B,2cx5_C"
4.10.240,26,26,100.0,"1hwt_C,1hwt_D,1hwt_G,1hwt_H,1qp9_A,1qp9_B,1qp9_C,1qp9_D,2hap_C,2hap_D"
2.170.260,26,26,100.0,"3mj0_A,1si2_A,1si3_A,4ngb_A,4ngc_A,4ngd_A,4ngf_A,4ngf_B,4ngf_C,4ngf_D"
3.10.390,26,26,100.0,"5w0k_B,3phf_B,3phf_D,3phf_F,3phf_H,3phf_J,3phf_L,3phf_N,3phf_P,3phf_R"
1.20.1310,26,26,100.0,"2y8d_A,2wau_A,2wau_B,4n9f_U,4n9f_C,4n9f_I,4n9f_O,4n9f_V,4n9f_f,4n9f_l"
2.60.290,25,25,100.0,"1nc7_A,1nc7_B,1nc7_C,1nc7_D,2ii7_A,2ii7_B,2ii7_C,2ii7_D,2ii7_E,2ii7_F"
2.60.450,25,25,100.0,"4by2_A,4by2_B,4by2_C,4mpz_A,4bxp_A,4bxq_A,4bxr_A,4bxr_B,4ld1_A,4ld3_A"
2.40.300,25,25,100.0,"3gqh_A,3gqh_B,3gqh_C,3gqk_A,1td3_A,1td0_A,1td0_B,1td0_C,1td0_D,1td3_B"
3.40.532,25,25,100.0,"3a7s_A,3rii_A,3rii_B,3ris_A,3ris_B,3ris_C,3ris_D,3tb3_A,3tb3_B,1cmx_A"
1.10.1270,25,25,100.0,"1tro_A,1jhg_A,1mi7_R,1tro_C,1tro_E,1tro_G,1trr_A,1trr_B,1trr_D,1trr_E"
3.40.1520,25,25,100.0,"1wvq_A,1wvq_B,1wvq_C,2ekm_A,2ekm_B,2ekm_C,2gl0_A,2gl0_B,2gl0_C,2gl0_D"
3.40.366,24,24,100.0,"3ezo_A,3qat_A,3qat_B,3tqe_A,3k89_A,2g1h_A,2g2o_A,2g2y_A,2g2z_A,3h0p_A"
1.10.12,24,24,100.0,"1ef8_A,1ef8_B,1ef8_C,1ef9_A,4geh_B,3w8i_B,4geh_D,3l8i_A,3ajm_A,3ajm_B"
3.90.1280,24,24,100.0,"3ghd_A,3ghd_B,2j9l_A,2j9l_B,2j9l_C,2j9l_D,2j9l_E,2j9l_F,2ja3_A,2ja3_B"
3.20.120,24,24,100.0,"2fz6_A,2fz6_B,2fz6_C,2fz6_D,2gvm_A,2gvm_B,2gvm_C,2gvm_D,1r2m_A,1r2m_B"
2.60.9,24,24,100.0,"1npo_A,1jk4_A,1jk6_A,1jk6_C,1npo_C,2bn2_A,2bn2_C,2bn2_E,2bn2_G,2hnu_A"
1.10.1330,23,23,100.0,"2vn5_B,2vn5_D,2vn6_B,4uyp_B,4uyp_D,4uyq_B,5nrk_B,5nrk_D,5nrm_B,2y3n_B"
1.20.144,23,23,100.0,"5jwy_A,2a96_A,2a96_B,2a96_C,2a96_D,2akc_A,2akc_B,2akc_C,2akc_D,2ipb_A"
3.40.1490,23,23,100.0,"2gax_A,2gax_B,3erj_A,3erj_B,1rlk_A,2zv3_A,2zv3_B,2zv3_C,2zv3_D,2zv3_E"
2.30.330,23,23,100.0,"4tt9_A,4tt9_B,4tt9_C,4tt9_D,4yx1_A,4yx1_B,4yx5_B,4yx7_B,4yx7_E,4yxa_B"
3.30.1880,23,23,100.0,"1wx2_B,1wx4_B,1wx5_B,1wx5_D,1wxc_B,2ahk_B,2ahl_B,2zmx_B,2zmy_B,2zmz_B"
3.30.1280,23,23,100.0,"2zw2_A,2zw2_B,1vq3_A,1vq3_B,1vq3_C,1vq3_D,3d54_B,3d54_C,3d54_F,3d54_G"
3.90.640,23,23,100.0,"2z15_A,2d5r_B,2z15_B,2z15_C,2z15_D,3dju_B,3djn_B,3e9v_A,4fas_D,4fas_E"
3.40.1170,22,22,100.0,"3m7g_A,3ajv_B,3ajv_D,3p1z_B,3p1z_D,3p1z_F,3p1z_H,3p1z_J,3p1z_L,2cv8_A"
3.40.350,22,22,100.0,"3i7m_A,3pn9_A,3o5v_A,3o5v_B,3ooo_A,3ooo_B,3pn9_B,3pn9_C,3pn9_D,3peb_A"
3.40.930,22,22,100.0,"4gqx_A,2a0j_A,3urr_A,3urr_B,4gqx_B,1a6j_A,1a6j_B,4ky9_A,4ky9_P,1xiz_A"
2.110.10,22,22,100.0,"3s18_A,3oyo_A,3oyo_B,3s18_B,3v6n_A,3v6n_B,4hsd_A,4hsd_B,4ll2_A,4ll2_B"
2.70.98,22,22,100.0,"2hta_A,2hta_B,2htb_A,2htb_B,2htb_C,2htb_D,1jov_A,2ciq_A,2cir_A,2cis_A"
1.10.3480,22,22,100.0,"3cw0_A,1s9u_A,3cw0_B,3cw0_C,3cw0_D,3efp_A,3efp_B,3u41_A,3u41_B,3u41_C"
3.90.1480,22,22,100.0,"4js1_A,4js2_A,4mps_A,4mps_B,2wml_A,2wnb_A,2wnf_A,2wqq_A,1ro7_A,1ro7_B"
3.30.1050,21,21,100.0,"2cx7_A,2cx7_B,2qzt_A,2qzt_B,3bdq_A,3bdq_B,4nss_A,4nss_B,4zy7_A,4zy7_B"
3.90.1400,21,21,100.0,"1l9v_A,2r7c_A,2r7j_A,2r7p_A,2r8f_A,4g0a_A,4g0a_B,4g0a_C,4g0a_D,4g0j_A"
3.10.420,21,21,100.0,"2o2a_A,2hng_A,2o2a_B,2o2a_C,2o2a_D,1fx3_A,1fx3_B,1fx3_C,1fx3_D,1ozb_A"
1.10.1510,21,21,100.0,"1ng6_A,1dio_G,1dio_M,1eex_G,1eex_M,1egm_G,1egm_M,1egv_G,1egv_M,1iwb_G"
3.30.2000,20,20,100.0,"4acv_A,4acv_B,4hud_A,4hud_B,4hud_C,4hud_D,4hud_E,4hud_F,4huh_A,4huh_B"
3.30.2350,20,20,100.0,"1r3f_A,1xpi_A,1v9k_A,1v9k_B,1xpi_B,1prz_A,2i82_A,2i82_B,2i82_C,2i82_D"
1.10.1740,20,20,100.0,"4nqw_A,4cxf_A,1h3l_A,1h3l_B,3t0y_A,1or7_A,1or7_B,4lup_A,4lup_C,2o7g_A"
2.10.210,20,20,100.0,"1l0l_I,1l0n_I,1ntk_I,1ntm_I,1ntz_I,1nu1_I,1pp9_I,1pp9_V,1ppj_I,1ppj_V"
3.30.240,20,20,100.0,"4xr8_F,4giz_C,4giz_D,4xr8_H,1orc_A,1d1l_A,1d1m_B,1d1m_A,2ecs_A,2ecs_B"
4.10.70,20,20,100.0,"1rmr_A,1tej_A,1tej_B,1z1x_A,3uci_A,1j2l_A,3c05_A,3c05_C,4m4c_A,4m4c_B"
3.10.260,20,20,100.0,"2xfv_A,2xfv_B,1l8r_A,1l8r_B,4hpm_A,4hpm_C,4hpl_A,3eq5_A,1sbx_A,3eq5_B"
1.10.790,20,20,100.0,"1i4m_A,1tpx_A,1tqb_A,1tqc_A,1uw3_A,2w9e_A,3haf_A,3hak_A,3heq_A,3heq_B"
1.10.860,20,20,100.0,"2r5u_A,2r5u_B,2r5u_C,2r5u_D,2r5u_E,2r5u_F,1b79_A,1b79_B,1b79_C,1b79_D"
3.40.1360,19,19,100.0,"4jcv_A,4jcv_B,4jcv_C,4jcv_D,3ve5_D,4o6o_A,4o6o_B,4o6o_C,4o6o_D,4o6p_B"
3.90.1580,19,19,100.0,"1y1e_X,1y1f_X,1y1g_X,1y1h_X,1y1i_X,1y1j_X,1z70_X,2aft_X,2afy_X,2aii_X"
1.20.1420,19,19,100.0,"3at7_A,3at7_B,3wsc_A,3wsc_B,5y4c_A,4f7g_B,4onr_A,3fyq_A,2x0c_A,4w8p_A"
2.70.220,19,19,100.0,"1pu5_A,1g13_A,1g13_B,1g13_C,1pu5_B,1pu5_C,1pub_A,1tjj_A,1tjj_B,1tjj_C"
3.90.75,19,19,100.0,"1u3e_M,1a73_A,1a73_B,1a74_A,1a74_B,1cyq_A,1cyq_B,1cz0_A,1cz0_B,1evw_A"
1.10.800,19,19,100.0,"3e2t_A,1mlw_A,3hf6_A,3hf8_A,3hfb_A,5j6d_A,5j6d_B,5tpg_A,1pah_A,1dmw_A"
2.10.69,18,18,100.0,"2qn5_B,1tx6_I,1c2a_A,1tx6_J,2fj8_A,2g81_I,1d6r_I,1k9b_A,2r33_A,2r33_B"
3.30.1470,18,18,100.0,"2wsc_D,2o01_D,2wse_D,2wsf_D,3lw5_D,4rku_D,4xk8_D,4xk8_d,4y28_D,5l8r_D"
3.30.2170,18,18,100.0,"2qh9_A,2qh9_B,4nsp_A,5aoy_A,3ga2_A,3goc_A,3goc_B,3hd0_A,2w35_A,2w35_B"
2.70.230,18,18,100.0,"3w9e_C,1jma_A,1l2g_A,1l2g_B,1l2g_D,1l2g_C,2c36_A,2c36_B,2c3a_A,2c3a_B"
3.10.490,18,18,100.0,"5c5z_A,5c5z_B,2qik_A,1vkb_A,3jub_A,3juc_A,3jud_A,1v30_A,2i5t_A,2i5t_B"
3.60.90,18,18,100.0,"1vr7_A,1tlu_A,1tlu_B,1tmi_A,1tmi_B,1vr7_B,2iii_A,3h0v_A,3ep3_A,3ep4_A"
3.30.2430,17,17,100.0,"2p1w_A,2q8y_A,2z8m_A,2z8m_B,2z8n_A,2z8n_B,2z8o_A,2z8o_B,2z8p_A,3bo6_A"
4.10.510,17,17,100.0,"1hq6_A,1hq6_C,1ibt_A,1ibt_C,1ibt_E,1ibu_A,1ibu_C,1ibu_E,1ibv_A,1ibv_C"
3.30.2320,17,17,100.0,"4dl0_J,4dl0_E,4efa_E,2pk8_A,3a43_A,3a43_B,3a44_A,3a44_B,3a44_C,3a44_D"
1.20.1240,17,17,100.0,"2wsc_L,2o01_L,2wse_L,2wsf_L,3lw5_L,4rku_L,4xk8_L,4xk8_l,4y28_L,5l8r_L"
3.30.1560,17,17,100.0,"1hl6_B,1hl6_D,1oo0_A,1p27_A,1p27_C,1rk8_B,2hyi_A,2hyi_G,2j0q_C,2j0q_F"
1.10.443,17,17,100.0,"3uxu_A,3vcf_A,3vcf_B,4dks_A,5dcf_A,5c6k_A,5c6k_B,5dor_A,5dor_B,5dor_C"
3.60.70,17,17,100.0,"1vra_A,3it4_A,3it4_C,3it6_A,3it6_C,2yep_A,2v4i_A,2v4i_C,2v4i_E,2v4i_G"
1.20.141,17,17,100.0,"4ily_A,1chk_A,1chk_B,4ily_B,4olt_A,4olt_B,4qwp_A,4qwp_B,2nr7_A,2ikb_A"
3.30.2330,17,17,100.0,"1vra_B,3it4_B,3it4_D,3it6_B,3it6_D,2v4i_B,2v4i_D,2v4i_F,2v4i_H,2vzk_B"
1.20.1500,17,17,100.0,"2iaz_A,2iaz_B,2iaz_C,2iaz_D,2pih_A,2pih_B,2oeq_A,2oeq_B,2oeq_C,2oeq_D"
3.30.2230,17,17,100.0,"3ppa_A,3lmn_A,3lmn_B,3pv1_A,3pv1_B,3t9l_A,4a3o_A,4a3o_B,4a3p_A,5ctr_C"
1.20.900,17,17,100.0,"4gyv_A,4gyv_B,4gyv_C,4gyv_D,4gyv_E,4gyv_F,4gyv_G,4gyv_H,4gyv_I,2nz8_B"
4.10.90,17,17,100.0,"1mec_4,2mev_4,1bbt_4,1fmd_4,1fod_4,1qqp_4,1zba_4,1zbe_4,2wzr_4,4iv1_D"
1.10.4080,16,16,100.0,"1t5j_A,2cwc_A,2yzv_A,2yzw_A,2woc_A,2woc_B,2woc_C,2wod_A,2wod_B,2woe_A"
2.20.130,16,16,100.0,"3frp_G,3hrz_B,3hs0_B,3hs0_G,2ice_B,2a74_B,2a74_E,2ice_E,2qki_B,2qki_E"
3.50.20,16,16,100.0,"2hw4_A,2nmm_A,2nmm_B,2nmm_C,2qqd_C,1n2m_A,1n2m_B,1n2m_C,1n2m_D,1n2m_E"
3.40.1420,16,16,100.0,"1uuz_A,1uuz_B,4ps6_A,1xs0_A,1gpq_A,1gpq_B,1xs0_B,1xs0_C,3cwx_A,3cwx_B"
3.20.19,16,16,100.0,"2hcu_A,3h5h_A,3h5e_A,3h5e_B,3h5h_B,3h5j_A,3h5j_B,3vba_A,3vba_B,3vba_C"
3.90.510,16,16,100.0,"1qgw_A,1xf6_A,1xg0_A,1qgw_B,1xf6_B,1xg0_B,4lms_A,4lms_C,4lmx_C,4lmx_A"
3.10.350,16,16,100.0,"4a1i_A,1y7m_A,1y7m_B,4a1i_B,4a1i_C,4a1i_D,4a1i_E,4a1i_F,4a1i_G,4a1i_H"
3.40.198,16,16,100.0,"1vcy_A,1pp0_A,1pp0_B,1pp0_C,1pp0_D,1pp6_A,1pp6_B,1pp6_C,1pp6_D,1pp6_E"
1.20.1680,16,16,100.0,"4dk2_A,1ogk_A,1ogk_B,1ogk_D,1ogk_E,1ogl_A,2yay_A,2cje_A,2yaz_A,2yaz_B"
2.150.10,15,15,100.0,"3ntn_A,3ntn_B,3ntn_C,3la9_A,3laa_A,4dt5_A,4dt5_B,3s6l_A,3s6l_B,3s6l_C"
1.20.810,15,15,100.0,"1q90_B,1vf5_A,1vf5_N,2d2c_A,2d2c_N,2e74_A,2e75_A,2e76_A,2zt9_A,4h0l_A"
2.40.230,15,15,100.0,"1fw2_A,1fw3_A,1fw3_B,1ild_A,1ilz_A,1im0_A,1qd5_A,1qd6_C,1qd6_D,1tlw_A"
3.90.1560,15,15,100.0,"1vr0_A,1vr0_B,1vr0_C,2yyv_A,2yyv_B,2yzo_A,2yzo_B,2z0j_A,2z0j_B,2z0j_C"
3.40.1570,15,15,100.0,"5exv_A,5exv_B,5exv_C,5exv_D,5exv_E,5exv_F,3fm2_A,3fm2_B,2hqv_A,2ph0_A"
1.10.166,15,15,100.0,"3tk8_A,1kgq_A,1kgt_A,1tdt_A,1tdt_B,1tdt_C,2tdt_A,3bxy_A,3gos_A,3gos_B"
1.10.239,15,15,100.0,"2pos_A,2pos_B,2pos_C,2pos_D,2pr0_A,2pr0_B,1bxm_A,1beo_A,1ljp_A,1ljp_B"
3.90.420,15,15,100.0,"1xdq_A,1xdq_B,1xdq_C,1xdq_D,1xdq_E,1xdy_A,1xdy_B,1xdy_C,1xdy_D,1xdy_E"
6.10.20,15,15,100.0,"4g6t_B,1t0f_C,1t0f_D,2bol_A,2bol_B,4bl0_B,4bl0_E,3dwl_E,3dwl_J,2oum_A"
3.10.400,15,15,100.0,"3r90_A,3r90_B,3r90_C,3r90_D,3r90_E,3r90_F,3r90_G,3r90_H,3r90_I,3r90_J"
1.10.167,15,15,100.0,"1zv4_X,4igu_A,4igu_B,2es0_A,2a72_A,2a72_B,1htj_F,3cx6_B,3cx7_B,3cx8_B"
2.60.300,14,14,100.0,"2p2e_A,2qgo_A,2d2a_A,2d2a_B,1r94_A,1r94_B,1r95_A,1r95_B,1s98_A,1s98_B"
1.10.3160,14,14,100.0,"2yn7_A,2yn7_B,4bg5_A,4bg5_B,4axz_A,4b2f_A,5a2u_A,1w33_A,1w33_B,1w3z_A"
3.40.525,14,14,100.0,"3peg_A,2d4q_A,2d4q_B,2e2x_A,2e2x_B,3p7z_A,3p7z_B,3pg7_A,3pg7_B,1aua_A"
1.10.950,14,14,100.0,"3mye_X,1yu5_X,1yu7_X,1yu8_X,2rjv_A,2rjw_A,2rjw_B,2rjx_A,2rjx_B,2rjy_A"
3.10.280,14,14,100.0,"1p32_A,1p32_B,1p32_C,3rpx_A,3rpx_B,3rpx_C,1yqf_A,1yqf_B,1yqf_C,1yqf_D"
1.10.1130,14,14,100.0,"2czs_A,2czs_B,1bvb_A,1ft5_A,1ft6_A,1m1p_A,1m1p_B,1m1p_C,1m1p_D,1m1p_E"
1.10.3450,14,14,100.0,"2cwy_A,2cxd_A,2cxd_B,2ijq_A,2ijq_B,4p3g_A,4p3g_B,4p3g_C,4p3g_D,4p3e_C"
4.10.320,14,14,100.0,"1zy8_K,1zy8_L,1zy8_M,1zy8_N,1zy8_O,2f5z_K,2f5z_L,2f5z_M,2f5z_N,2f5z_O"
3.40.1080,14,14,100.0,"1poi_B,1poi_D,1poi_A,1poi_C,3cdk_A,3cdk_C,3rrl_A,3rrl_C,5dbn_A,1k6d_A"
1.20.950,14,14,100.0,"1q16_C,1siw_C,1y4z_C,1y5i_C,1y5l_C,1y5n_C,3egw_C,3ir5_C,3ir6_C,3ir7_C"
4.10.1240,14,14,100.0,"4bkx_A,2xdg_A,2xdg_B,5ii0_A,3aqf_B,3n7p_A,3n7p_B,3n7p_J,3n7r_A,3n7r_B"
1.10.489,13,13,100.0,"1cpo_A,2civ_A,2ciw_A,2cix_A,2ciy_A,2ciz_A,2cj0_A,2cj1_A,2cj2_A,2cpo_A"
2.30.27,13,13,100.0,"2x9a_A,2x9a_C,2x9b_A,2x9b_B,3dgs_A,1g3p_A,2g3p_A,2g3p_B,3dgs_B,3knq_A"
3.30.350,13,13,100.0,"4hwx_A,4hx2_B,4hx2_D,4hx3_B,4hx3_D,4hx3_F,4hx3_H,4hx3_J,4hx3_L,3ssi_A"
3.30.2010,13,13,100.0,"4jiu_A,3e11_A,3e11_B,3cqb_A,3cqb_B,2ejq_A,2ejq_B,4jix_A,4jix_B,4qhf_A"
1.10.4190,13,13,100.0,"3cxn_A,2wgl_A,2wgl_B,2wgl_C,3cxn_B,3cxn_C,3o1q_A,3o1q_B,3o1q_C,3sf5_A"
3.30.1540,13,13,100.0,"1x9z_A,1x9z_B,3gab_A,3gab_B,3gab_C,3gab_D,3kdg_A,3kdg_B,3kdk_A,3kdk_B"
2.40.200,13,13,100.0,"1jb7_B,1otc_B,1pa6_B,1ph1_B,1ph2_B,1ph3_B,1ph4_B,1ph5_B,1ph6_B,1ph7_B"
3.30.980,13,13,100.0,"1v7o_A,1v4p_A,1v4p_B,1v4p_C,1v7o_B,1wnu_A,1wnu_B,1wxo_A,1wxo_B,1wxo_C"
1.10.3230,13,13,100.0,"3jvo_A,3jvo_B,3jvo_C,3jvo_D,3jvo_E,3jvo_F,3jvo_G,3jvo_H,3jvo_I,3jvo_J"
3.90.290,13,13,100.0,"2p6a_D,2b0u_C,2b0u_D,2p6a_C,3hh2_C,3hh2_D,5jhw_C,5jhw_D,3b4v_C,3b4v_D"
3.90.570,13,13,100.0,"3ktm_A,1mwp_A,3ktm_B,3ktm_C,3ktm_D,3ktm_E,3ktm_F,3ktm_G,3ktm_H,4jfn_A"
3.40.1530,12,12,100.0,"4goq_A,4goq_B,4goq_C,4goq_D,4goq_E,1wn9_A,1wna_A,4hea_W,4hea_X,3do9_A"
1.10.590,12,12,100.0,"5w6y_A,5w6y_B,1csm_A,1csm_B,2csm_A,3csm_A,3csm_B,4csm_A,4csm_B,5csm_A"
3.30.1230,12,12,100.0,"1g2r_A,5opt_g,5xyi_V,3j7a_Z,5xxu_V,3j80_V,3j81_V,3jam_V,5it9_V,5ll6_a"
4.10.40,12,12,100.0,"1h59_B,2dsp_B,1wqj_B,2dsq_B,2dsq_A,2dsr_B,3zxb_A,3zxb_B,3zxb_C,3zxb_D"
3.10.620,12,12,100.0,"3c9q_A,4w79_A,4u65_E,4u65_F,4fgo_A,4fgp_A,4fgp_B,4fgq_A,4fgq_B,2zk9_X"
1.20.1450,12,12,100.0,"3chx_B,1yew_B,1yew_F,1yew_J,3chx_F,3chx_J,3rfr_J,3rfr_B,3rfr_F,3rgb_B"
6.20.350,12,12,100.0,"3nrt_A,3nrt_B,3nrt_C,3nrt_D,3nrt_E,3nrt_F,4n05_B,4n05_A,4n05_C,4n05_D"
3.10.40,12,12,100.0,"1bcp_B,1bcp_H,1bcp_C,1bcp_I,1prt_B,1prt_H,1prt_C,1prt_I,1pto_B,1pto_C"
2.60.240,12,12,100.0,"4hkj_D,4hkj_H,4hkj_L,4hkj_P,1cq3_A,1cq3_B,2grk_A,2grk_B,3on9_A,3on9_B"
3.30.1420,12,12,100.0,"1sau_A,2a5w_A,2a5w_B,2a5w_C,2v4j_C,2v4j_F,2xsj_C,2xsj_F,3or1_C,3or1_F"
3.40.580,12,12,100.0,"1d02_A,1d02_B,2oxv_A,1ckq_A,1cl8_A,1eri_A,1qc9_A,1qc9_B,1qc9_C,1qps_A"
1.20.81,12,12,100.0,"4hhx_A,2vma_A,2vma_B,2vmb_A,2vmb_B,3c1q_A,3c1q_B,5nbg_A,5nbg_B,2whn_A"
3.10.10,12,12,100.0,"1mml_A,1d0e_A,1d0e_B,1d1u_A,1i6j_A,1n4l_A,1nnd_A,1qai_A,1qai_B,1qaj_A"
3.10.250,12,12,100.0,"1by2_A,2oy3_A,2oya_A,2oya_B,5jfb_A,5hrj_A,2ja4_A,2ott_X,2ott_Y,1o5e_L"
2.10.22,12,12,100.0,"3bg4_D,1bx7_A,1bx8_A,1skz_A,1c9p_B,1c9t_G,1c9t_H,1c9t_I,1c9t_J,1c9t_K"
1.10.4120,12,12,100.0,"1gzs_B,1gzs_D,3lw8_E,3lw8_F,3lw8_G,3lw8_H,3lwn_F,3lwn_G,3lxr_F,3lyq_A"
1.20.225,12,12,100.0,"1o82_A,1o82_B,1o82_C,1o82_D,1o83_A,1o83_B,1o83_C,1o83_D,1o84_A,1o84_B"
3.30.1690,12,12,100.0,"3fhu_A,3fhu_B,3fhv_A,3fhv_B,1oqv_A,1oqv_B,1oqv_C,3hrv_A,3hrv_B,3s0t_A"
1.10.3810,12,12,100.0,"3vmq_A,3hzs_A,3vmq_B,3vmr_A,3vms_A,3vms_B,3vmt_A,3vmt_B,2oqo_A,3d3h_A"
3.30.2380,11,11,100.0,"4ww7_B,4ww5_B,4ww9_B,4wwa_B,4xah_A,4xah_B,3enp_A,3enp_B,3enh_C,3enh_D"
1.10.1620,11,11,100.0,"2hld_I,2wpd_I,2xok_I,3fks_I,3oe7_I,3oee_I,3oeh_I,3ofn_I,3ofn_R,3zia_I"
4.10.270,11,11,100.0,"3pn7_A,1scm_A,1wdc_A,3jtd_A,3jvt_A,3pn7_D,3ts5_A,3ts5_D,3tuy_A,3tuy_D"
2.20.230,11,11,100.0,"4wve_A,4wve_B,3tip_A,5dbl_A,3tiq_A,3tiq_B,4fum_A,4fun_A,4fuo_A,4fup_A"
6.20.50,11,11,100.0,"3d9x_A,3d9x_B,3d9x_C,5a2q_f,5it9_f,3j80_f,3j81_f,3jam_f,5flx_f,2egt_A"
3.40.35,11,11,100.0,"3eye_A,5t5d_A,1nrz_A,1nrz_B,1nrz_C,1nrz_D,3lfj_A,3lfj_B,1ble_A,3p3v_A"
1.10.60,11,11,100.0,"2p0t_A,3j7a_W,5a2q_R,5flx_R,5xxu_R,5xyi_R,5opt_k,3j80_R,3j81_R,3jam_R"
2.40.33,11,11,100.0,"1o65_A,1o65_B,1o65_C,1o67_A,1o67_B,1o67_C,5yhi_A,2f9h_A,2f9h_B,1oru_A"
3.40.1800,11,11,100.0,"1pzw_A,1e7d_A,1e7d_B,1e7l_A,1e7l_B,1en7_A,1en7_B,2qnc_A,2qnc_B,2qnf_A"
3.40.1580,11,11,100.0,"2prv_A,2prv_B,4iqn_A,4iqn_B,4iqn_C,2pag_A,3d5p_A,3d5p_B,3ffv_A,3ffv_B"
1.20.1160,11,11,100.0,"4ykc_A,4fqn_A,4fqn_B,4fqn_C,4fqn_D,4y5o_A,4ykd_A,4yl6_A,5f3x_A,3k1r_A"
3.90.370,11,11,100.0,"1br9_A,1bqq_T,1buv_T,1gxd_C,1gxd_D,2e2d_C,4ilw_A,4ilw_B,1uea_B,1uea_D"
3.30.1960,11,11,100.0,"1tlj_A,1tlj_B,2drv_A,2drv_B,2it2_A,2it2_B,2it3_A,2it3_B,2qg3_A,2qg3_B"
1.20.200,10,10,100.0,"5m0i_D,1xly_A,1xly_B,4wnl_C,4wnl_A,4wnl_B,4wnl_D,5m0i_C,5m0i_B,5m0i_A"
3.30.430,10,10,100.0,"1kpt_A,1kpt_B,4xre_A,3a2e_A,3a2e_B,3a2e_C,3a2e_D,4xre_B,4xre_C,4xre_D"
1.10.4000,10,10,100.0,"1g8e_A,1g8e_B,2avu_A,2avu_B,2avu_C,2avu_D,4es4_B,4es4_D,4es4_F,4es4_H"
3.10.340,10,10,100.0,"1qlm_A,4gvq_A,4gvq_B,4gvq_C,4gvr_A,4gvr_B,4gvr_C,4gvs_A,4gvs_B,4gvs_C"
3.30.1400,10,10,100.0,"1f47_B,1f46_A,1f46_B,1s1j_A,1s1j_B,1s1s_A,1s1s_B,1y2f_A,1y2g_A,1y2g_B"
3.30.780,10,10,100.0,"3j80_j,3j81_m,3jam_j,4mo0_A,3j7y_g,4v1a_l,5ool_g,5oom_g,1rif_A,1rif_B"
3.90.1690,10,10,100.0,"3bjq_A,3bjq_B,3bjq_C,3bjq_D,3bjq_E,3bjq_F,3bjq_G,3bjq_H,3bjq_I,3bjq_J"
2.10.260,10,10,100.0,"3o27_A,3o27_B,3tnd_B,1ub4_C,1mvf_D,1mvf_E,5itj_A,5itj_B,2w1t_A,2w1t_B"
3.40.1470,10,10,100.0,"3s2x_A,3s2x_B,5gol_A,5gol_B,5gol_C,5gol_D,5h6w_A,5h6w_B,5h6w_C,5h6w_D"
1.10.3200,10,10,100.0,"3flo_B,3flo_D,3flo_F,3flo_H,4y97_B,4y97_D,4y97_F,4y97_H,1yoz_A,1yoz_B"
3.60.140,10,10,100.0,"1t8h_A,1rv9_A,1z9t_A,1rw0_A,1rw0_B,1u05_A,1u05_B,1xaf_A,1xaf_B,1xfj_A"
1.10.274,10,10,100.0,"2y0n_A,2y0n_B,2y0n_C,2y0n_D,2f5j_A,2aql_A,2aql_B,2f5j_B,4mo1_A,4mo1_B"
1.10.1850,10,10,100.0,"1al0_1,1al0_2,1al0_3,1al0_4,1cd3_1,1cd3_2,1cd3_3,1cd3_4,1tx9_A,1tx9_B"
3.90.110,10,10,100.0,"1d3a_A,1d3a_B,1hlp_A,1hlp_B,1o6z_A,1o6z_B,1o6z_C,1o6z_D,2hlp_A,2hlp_B"
3.30.1310,9,9,100.0,"1ybx_A,1ybx_B,1j8b_A,1pug_A,1pug_B,1pug_C,1pug_D,3f42_A,3f42_B"
3.55.50,9,9,100.0,"3ezj_A,3ezj_C,3ezj_E,3ezj_G,4jtm_A,4jtm_B,3ady_A,4g08_A,3gr5_A"
2.10.80,9,9,100.0,"3s2k_C,3s8v_X,5fww_C,3bt4_A,1eth_B,1eth_D,1lpa_A,1lpb_A,1n8s_C"
1.10.3100,9,9,100.0,"1s4k_A,1s4k_B,2ox6_A,2ox6_B,2ox6_C,2ox6_D,3nj2_A,3nj2_B,3g7p_A"
3.80.30,9,9,100.0,"3can_A,2qgq_A,2qgq_B,2qgq_C,2qgq_D,2qgq_E,2qgq_F,2qgq_G,2qgq_H"
2.60.250,9,9,100.0,"1p35_A,1i3p_A,1i3s_A,1i3s_B,1i3s_C,1p35_B,1p35_C,2fun_A,2fun_C"
6.20.370,9,9,100.0,"2bh7_A,3rrr_G,3rrr_I,3rrr_M,3rrt_A,3rrt_E,3zrt_D,4h6z_A,4h6z_B"
2.40.420,9,9,100.0,"4kks_A,4kkt_A,4kkt_B,4kkt_C,4kkt_D,4kku_A,4kku_B,4kku_C,4kku_D"
1.10.3390,9,9,100.0,"2h3r_A,2h3r_B,2h3r_C,2h3r_D,2oa5_A,2oa5_B,2qti_A,2ota_A,2ota_B"
3.40.1230,9,9,100.0,"2cyj_A,1ihn_A,1ihn_B,2ab1_A,2ab1_B,2q4q_A,2q4q_B,2fi9_A,3cpk_A"
1.25.60,9,9,100.0,"2oux_A,2oux_B,2yvy_A,2yvz_A,2yvz_B,5x9g_A,5x9g_B,5x9g_C,5x9g_D"
3.50.70,9,9,100.0,"4dol_A,4doo_A,4doo_B,2je2_A,2je3_A,4doi_A,4doi_B,4dok_A,4dok_B"
1.10.3760,9,9,100.0,"1tlq_A,1y9i_A,1rfz_A,1rfz_B,1rfz_C,1rfz_D,1y9i_B,1y9i_C,1y9i_D"
2.40.360,9,9,100.0,"2in5_A,2in5_B,3fzx_A,4fvs_A,4fvs_B,4fvs_C,4fvs_D,4fvs_E,4fvs_F"
3.90.460,8,8,100.0,"1dj7_A,2pu9_A,2puk_A,2puk_E,2puo_A,2pvd_A,2pvg_A,2pvo_A"
3.30.890,8,8,100.0,"3c2i_A,5bt2_A,3vyq_A,3vxv_A,3vxx_A,3vyb_A,3vyq_D,4lg7_A"
1.10.168,8,8,100.0,"3j80_I,3j81_I,3jam_I,5it9_I,5ll6_V,5a2q_I,5flx_I,5xxu_I"
2.40.310,8,8,100.0,"1nyc_A,1nyc_B,1pxv_C,1pxv_D,1qwx_A,1qwx_B,1y4h_C,1y4h_D"
6.10.340,8,8,100.0,"4cq4_A,4cq4_B,4cq4_C,4cq4_D,4gn0_A,4gn0_B,4gn0_C,4gn0_D"
6.10.80,8,8,100.0,"2oyy_A,2oyy_B,2oyy_C,2oyy_D,2oyy_E,2oyy_F,2oyy_G,2oyy_H"
1.10.720,8,8,100.0,"1y02_A,1zbh_A,1a62_A,1a8v_A,1a8v_B,2a8v_A,2a8v_B,2a8v_C"
1.10.4010,8,8,100.0,"4dk4_A,4dk4_B,4dkb_A,4dl8_A,4dlc_A,1w2y_A,1w2y_B,2cic_A"
2.60.220,8,8,100.0,"3f59_A,3f59_B,3f59_C,3f59_D,3kbt_C,3kbt_D,3kbu_C,3kbu_D"
1.10.3820,8,8,100.0,"2j7a_C,2j7a_F,2j7a_I,2j7a_L,2j7a_O,2j7a_R,2vr0_C,2vr0_F"
2.60.480,8,8,100.0,"3g74_A,3g74_B,3g74_C,3g74_D,3g74_E,3g74_F,3g74_G,3g74_H"
3.90.1590,8,8,100.0,"1x6m_A,1x6m_B,1x6m_C,1x6m_D,1xa8_A,1xa8_B,1xa8_C,1xa8_D"
1.40.10,8,8,100.0,"1ppr_M,1ppr_N,1ppr_O,2x1z_M,2x20_M,2x21_M,3iis_M,3iiu_M"
1.20.1410,8,8,100.0,"1r0d_A,1r0d_B,1r0d_D,1r0d_E,1r0d_F,1r0d_G,1r0d_H,1r0d_I"
4.10.1000,8,8,100.0,"5l2l_A,5l2l_B,5l2l_E,5l2l_F,4lj0_A,4lj0_B,2rhk_C,2rhk_D"
2.20.100,8,8,100.0,"4hql_A,4hql_B,4hqn_A,4hqn_B,4hqo_A,4hqo_B,3r6b_A,1lsl_A"
3.30.2420,8,8,100.0,"2grx_C,1ihr_A,1ihr_B,1qxx_A,1u07_A,1u07_B,2grx_D,2gsk_B"
3.10.300,8,8,100.0,"1ewn_A,1bnk_A,1f4r_A,1f6o_A,3qi5_A,3qi5_B,3uby_A,3uby_B"
1.20.1630,8,8,100.0,"2vpw_C,2vpw_G,2vpx_C,2vpx_G,2vpy_C,2vpy_G,2vpz_C,2vpz_G"
2.170.14,8,8,100.0,"2vky_B,1lkt_A,1lkt_B,1lkt_C,1lkt_D,1lkt_E,1lkt_F,2vnl_A"
3.30.2270,8,8,100.0,"1vrq_D,1x31_D,2gag_D,2gah_D,3ad7_D,3ad8_D,3ad9_D,3ada_D"
3.90.1310,8,8,100.0,"2z2l_A,2z2l_D,2z2m_A,2z2m_D,2zc3_A,2zc3_D,2zc4_A,2zc4_D"
6.20.390,8,8,100.0,"4q1h_A,4q1i_B,4q1j_A,4q1j_C,4q1k_B,4q1k_C,2wbt_A,2wbt_B"
3.30.1040,8,8,100.0,"2abz_C,1dtd_B,2abz_D,2abz_E,2abz_F,3g2o_A,3g2p_A,3g2q_A"
3.50.14,8,8,100.0,"4xr0_A,1ecr_A,2ewj_A,2i05_A,2i06_A,4xr1_A,4xr2_A,4xr3_A"
2.60.60,8,8,100.0,"2qng_A,2qz7_A,2qz7_B,2xfd_A,2xfe_A,3u6g_A,3u6g_B,3ibz_A"
4.10.820,8,8,100.0,"2zqk_M,2zqk_N,2zqk_C,2zqk_D,2zwk_B,2zwk_D,2zwk_F,1f02_T"
2.60.440,8,8,100.0,"5dko_A,5gnp_A,5imj_A,5imj_B,5koa_A,5koa_B,2oez_A,2oez_B"
3.40.120,8,8,100.0,"2ehp_A,2ehp_B,2eiu_A,2eiu_C,2eiu_D,2eiu_E,2eiu_F,2eiu_G"
3.40.1790,8,8,100.0,"4ex8_A,4ex9_A,1vkm_A,1vkm_B,1vkm_C,1vkm_D,1vkm_E,1vkm_F"
3.30.830,8,8,100.0,"3ivl_A,3ih6_A,3ih6_B,3ih6_C,3ih6_D,3ih6_E,3ih6_F,3ivl_B"
3.40.850,8,8,100.0,"2kin_A,3kin_A,3kin_C,2o0a_A,4gkq_A,4gkp_A,4gkp_B,4gkq_B"
1.10.3690,8,8,100.0,"2igs_A,2igs_B,2igs_C,2igs_D,2igs_E,2igs_F,2igs_G,2igs_H"
3.40.920,7,7,100.0,"2raa_A,3g2e_A,3g2e_B,3g2e_C,3g2e_D,3on3_A,3on3_B"
2.40.280,7,7,100.0,"1p6v_A,1p6v_C,2czj_A,1wjx_A,2czj_C,2czj_E,2czj_G"
1.10.3350,7,7,100.0,"2bo3_A,3mli_A,3mli_B,3mli_C,3mli_D,4u12_A,4npx_A"
3.40.718,7,7,100.0,"3tng_A,3u9e_A,3u9e_B,3uf6_A,3uf6_B,1yco_A,1yco_B"
3.90.920,7,7,100.0,"2atz_A,2fao_A,2fao_B,2faq_A,2faq_B,2far_A,2far_B"
1.10.440,7,7,100.0,"1eni_A,1enj_A,1enk_A,1vas_A,2end_A,2fcc_A,2fcc_B"
4.10.60,7,7,100.0,"3nyb_B,5kl8_B,5kl1_B,3alr_A,3alr_B,3alr_C,3alr_D"
1.10.1710,7,7,100.0,"3mw6_A,3mw6_B,3mw6_C,3mw6_D,3mw6_E,3mw6_F,1dvo_A"
2.170.120,7,7,100.0,"1i3q_C,1i50_C,1i6h_C,1k83_C,1sfo_C,5hqh_A,3lyw_A"
3.90.1570,7,7,100.0,"3ot2_A,3ot2_B,3ijm_A,3ijm_B,1wdj_A,1wdj_B,1wdj_C"
4.10.860,7,7,100.0,"1z0j_B,4u1c_A,1z0k_B,1yzm_A,1z0k_D,1qoj_A,1qoj_B"
2.70.10,7,7,100.0,"1hrt_I,2pw8_I,4htc_I,4mlf_D,1e0f_I,1e0f_J,1e0f_K"
3.90.1680,7,7,100.0,"2f20_A,2f20_B,5ko9_A,2icu_A,2icu_B,2bdv_A,1zn6_A"
3.20.90,7,7,100.0,"2fim_A,2fim_B,3c5n_A,3c5n_B,1s31_A,1c8z_A,1i7e_A"
4.10.900,7,7,100.0,"1i7w_B,1i7w_D,1i7x_D,3ifq_C,3ifq_D,3oux_B,1g3j_B"
3.10.105,7,7,100.0,"3o6p_A,3pam_A,3pam_B,3lvu_A,3lvu_B,3lvu_C,3lvu_D"
3.30.2130,7,7,100.0,"2f06_A,2f06_B,1zhv_A,1zvp_A,1zvp_B,1zvp_C,1zvp_D"
4.10.800,7,7,100.0,"1icf_I,1icf_J,2dsq_G,1zt3_A,1zt5_A,2dsq_H,2dsr_G"
3.30.2180,7,7,100.0,"2r6i_A,2r6i_B,2p4x_A,2p4x_B,2r31_A,2zd2_A,2zd2_B"
3.30.1680,7,7,100.0,"1yuk_A,2p26_A,2p28_A,1zlh_B,1zli_B,3d4u_B,3lms_B"
1.20.1380,7,7,100.0,"1iu3_C,1iu3_F,1j3e_A,1lrr_A,1lrr_D,3fmt_B,3fmt_F"
3.40.1380,7,7,100.0,"1fs0_G,1vp8_A,3aag_A,3aag_B,1t57_A,1t57_B,1t57_C"
2.40.330,7,7,100.0,"3hqf_A,3zi5_A,3zi5_D,5os9_A,5os9_B,4i1k_A,4i1k_B"
1.10.2090,7,7,100.0,"5ui2_A,4xb4_A,4xb4_B,5ui2_B,5fcx_A,5fcx_B,5fcy_A"
1.10.532,7,7,100.0,"3wwt_A,4zia_A,4zia_B,4zia_C,4zia_D,4zia_E,1bgf_A"
3.55.30,7,7,100.0,"1vq0_A,1vq0_B,1vzy_A,1vzy_B,1i7f_A,1hw7_A,3m7m_X"
2.40.350,7,7,100.0,"3v0r_A,4aud_A,4aud_B,2ooj_A,2ooj_B,2q03_A,2q03_B"
6.20.140,6,6,100.0,"3kvp_A,3kvp_B,3kvp_C,3kvp_D,3kvp_E,3kvp_F"
2.30.160,6,6,100.0,"1fjr_A,1fjr_B,2pzx_A,2pzx_B,2pzx_C,2pzx_D"
6.20.220,6,6,100.0,"2ds5_A,2ds5_B,2ds6_A,2ds6_B,2ds8_A,2ds8_B"
3.30.2260,6,6,100.0,"1wz7_A,1w9g_A,1w9g_B,1wz7_B,1wz7_C,2nml_A"
3.60.60,6,6,100.0,"2hez_A,2hez_B,2hf0_A,2hf0_B,3gvz_A,3gvz_B"
3.60.160,6,6,100.0,"1yox_A,1yox_B,1yox_C,1yox_D,1yox_E,1yox_F"
1.10.268,6,6,100.0,"4ely_A,1x75_A,1x75_B,4ely_B,4elz_A,4elz_B"
1.20.1550,6,6,100.0,"3e9j_C,2hi7_B,2zup_B,2zuq_A,2zuq_D,3e9j_F"
1.10.750,6,6,100.0,"1lm8_V,1lqb_C,1vcb_C,1vcb_F,1vcb_I,1vcb_L"
3.10.150,6,6,100.0,"1sxj_H,3l0w_A,3l0x_A,3l0x_B,3l10_A,3pge_B"
3.40.970,6,6,100.0,"3bsu_A,3bsu_B,3bsu_C,3bsu_F,3bsu_G,3bsu_H"
6.20.80,6,6,100.0,"4a0t_A,4a0t_B,4a0t_C,4a0u_A,4a0u_B,4a0u_C"
1.20.1510,6,6,100.0,"2qfi_A,2qfi_B,3h90_A,3h90_B,3h90_C,3h90_D"
3.30.910,6,6,100.0,"1sg2_A,1sg2_B,1sg2_C,1u2m_A,1u2m_B,1u2m_C"
1.10.2080,6,6,100.0,"1kx8_A,1kx9_A,1kx9_B,1n8u_A,1n8v_A,1n8v_B"
1.10.40,6,6,100.0,"2d27_A,2d28_C,4iqj_M,4iqj_N,4iqj_O,4iqj_P"
1.20.272,6,6,100.0,"1mw5_A,1mw5_B,3ctd_A,3ctd_B,3bge_A,3bge_B"
3.30.2450,6,6,100.0,"4ntq_B,5fgp_A,3k44_A,3k44_B,3k44_C,3k44_D"
3.30.1150,6,6,100.0,"4g7x_B,1lr0_A,2x9a_B,2x9a_D,3qdp_A,3qdr_A"
2.170.130,6,6,100.0,"3u7z_A,3u7z_B,5no0_A,5np4_A,5nrp_A,5nsa_A"
2.60.320,6,6,100.0,"4obi_A,3ld7_A,3ld7_B,3ld7_C,4esn_A,4esn_B"
1.20.940,6,6,100.0,"4nbo_A,4nbo_B,5mps_a,1dvk_A,1dvk_B,5wsg_f"
6.10.30,6,6,100.0,"2p63_A,2p63_B,2p63_C,2p63_D,3irb_A,3irb_B"
3.90.1290,6,6,100.0,"1lm7_A,1lm7_B,1lm5_A,1lm5_B,4qmd_A,4qmd_B"
4.10.1090,6,6,100.0,"3gw6_A,3gw6_B,3gw6_E,3gw6_C,3gw6_D,3gw6_F"
3.20.180,6,6,100.0,"3gas_A,3gas_B,3gas_C,3gas_D,3gas_E,3gas_F"
1.20.1520,6,6,100.0,"3doe_B,3dof_B,4zi2_C,4zi2_D,4zi3_C,4zi3_D"
2.30.290,6,6,100.0,"2aj7_A,2aj7_B,5dmb_A,5dmd_A,5dmd_B,5jak_A"
3.20.170,5,5,100.0,"2hw2_A,2o0p_A,2o0q_A,2aua_A,2aua_B"
3.30.457,5,5,100.0,"5tcs_D,2ftx_A,4geq_A,4geq_C,5t6j_B"
1.10.3120,5,5,100.0,"2nsa_A,1zxj_A,1zxj_B,1zxj_C,1zxj_D"
6.20.160,5,5,100.0,"3g2m_A,3g2m_B,3g2o_B,3g2p_B,3g2q_B"
1.50.40,5,5,100.0,"4c9g_A,4c9h_A,4c9h_B,1okc_A,2c3e_A"
1.20.1390,5,5,100.0,"3v53_A,3v53_B,3v53_C,3v53_D,3v53_E"
3.55.10,5,5,100.0,"1j5u_A,4n2p_A,4n2p_B,4n2p_C,4n2p_D"
1.10.1790,5,5,100.0,"3dd9_D,3nuf_A,3nuf_B,1h99_A,1tlv_A"
3.40.1630,5,5,100.0,"2pkw_A,2oyr_A,2pgx_A,2r6z_A,2r6z_B"
1.10.1750,5,5,100.0,"1j1v_A,3pvp_A,3pvp_B,3pvv_A,3pvv_B"
3.40.960,5,5,100.0,"1cw0_A,1odg_A,1vsr_A,3r3p_A,3r3p_B"
1.10.4020,5,5,100.0,"4bhx_A,4bhx_B,3lhr_A,3lhr_B,4e6s_A"
3.30.2020,5,5,100.0,"3k8r_A,3k8r_B,2auw_A,2auw_B,3luu_A"
2.90.20,5,5,100.0,"1z1y_A,1z1y_B,1z27_A,1z3g_A,1z3g_B"
3.40.1590,5,5,100.0,"4zqu_B,4g6u_B,4zqw_B,4zqw_D,2gkp_A"
6.20.90,5,5,100.0,"1y07_A,1y07_B,1y07_C,1y07_D,4pkc_C"
3.90.810,5,5,100.0,"4mit_E,4mit_G,4mit_H,1f3m_A,1f3m_B"
3.40.1740,5,5,100.0,"2hrx_A,2gs5_A,2ew0_A,2haf_A,2aj2_A"
3.30.497,5,5,100.0,"1f0c_A,1c8o_A,1m93_B,1jjo_C,1jjo_D"
6.20.200,5,5,100.0,"3bk3_C,3bk3_D,3sf4_D,3sf4_E,3sf4_F"
1.10.3630,5,5,100.0,"2zii_A,2zii_B,2zii_C,2zii_D,3kn1_A"
2.20.20,4,4,100.0,"3c9a_A,3c9a_B,3cgu_A,3cgu_B"
1.10.3250,4,4,100.0,"1wtd_A,1wtd_B,1wte_A,1wte_B"
6.10.320,4,4,100.0,"3kdq_A,3kdq_B,3kdq_C,3kdq_D"
1.20.1060,4,4,100.0,"1gxl_A,1gxl_B,1gxl_C,1gxl_D"
4.10.1190,4,4,100.0,"2wsc_N,2wse_N,2wsf_N,3lw5_N"
1.10.101,4,4,100.0,"3bkh_A,3bkv_A,4lpq_A,1lbu_A"
3.20.160,4,4,100.0,"2qhq_A,2qhq_B,2qm2_A,2qm2_B"
3.90.1340,4,4,100.0,"2xgf_A,2xgf_B,2xgf_C,1ocy_A"
1.10.4030,4,4,100.0,"3rgc_A,3rgc_B,2pv3_A,2pv3_B"
1.20.1150,4,4,100.0,"5v8z_A,5v8z_C,5v90_C,5v90_A"
2.40.380,4,4,100.0,"2p12_A,2p12_B,3cbt_A,3exm_A"
2.60.98,4,4,100.0,"3uc0_A,3uc0_B,1wlg_A,1wlg_B"
2.30.40,4,4,100.0,"3ggm_A,3ggm_B,3ggm_C,3ggm_D"
2.40.15,4,4,100.0,"1jnp_A,1jnp_B,1a1x_A,1jsg_A"
3.30.1860,4,4,100.0,"2qya_A,2qya_B,2qya_C,2qya_D"
1.10.210,4,4,100.0,"1ccd_A,1utg_A,2utg_A,2utg_B"
4.10.110,4,4,100.0,"1psp_A,1psp_B,2psp_A,2psp_B"
6.20.450,4,4,100.0,"2waq_Q,3hkz_Y,3hkz_Z,4ayb_Q"
1.10.1840,4,4,100.0,"3ebn_A,3ebn_B,3ebn_C,3ebn_D"
3.30.66,4,4,100.0,"2h7f_X,2h7g_X,3igc_A,1vcc_A"
3.65.10,4,4,100.0,"3ti2_A,3ti2_B,3ti2_C,3ti2_D"
1.10.3680,4,4,100.0,"2h5n_A,2h5n_B,2h5n_C,2h5n_D"
6.20.430,4,4,100.0,"4re1_C,3kys_B,3kys_D,4re1_D"
3.40.1760,4,4,100.0,"3w1o_A,3w1o_B,1ryl_A,1ryl_B"
3.30.67,4,4,100.0,"5xlo_N,5uz9_I,5uz9_J,5xlo_M"
3.10.690,4,4,100.0,"1sj5_A,1sj5_B,1vjl_A,1vjl_B"
1.10.700,4,4,100.0,"1b4u_A,1b4u_C,1bou_A,1bou_C"
3.30.1780,4,4,100.0,"3hdj_A,3hdj_B,2i99_A,2i99_B"
3.30.63,4,4,100.0,"1ex6_A,1ex6_B,1ex7_A,1lvg_A"
2.10.10,4,4,100.0,"1h8p_A,1h8p_B,1wvu_B,1wvv_B"
3.30.2370,4,4,100.0,"3ic3_A,3ic3_B,3ic3_C,3ic3_D"
6.20.120,4,4,100.0,"2h4o_A,2h4o_B,2h4o_C,2h4o_D"
1.10.3950,4,4,100.0,"3fgg_A,3fgg_B,3fh3_A,3fh3_B"
3.30.1070,4,4,100.0,"3ku7_A,3ku7_B,3mcd_A,3mcd_B"
1.10.3990,4,4,100.0,"3kk4_A,3kk4_B,3kk4_C,3kk4_D"
3.90.198,4,4,100.0,"2atq_B,1gpc_A,2a1k_A,2a1k_B"
1.10.3600,4,4,100.0,"3c4r_A,3c4r_B,3c4r_C,3c4r_D"
4.10.940,4,4,100.0,"1jju_C,1jmx_G,1jmz_G,1pby_C"
3.30.2210,4,4,100.0,"3fy6_A,3fy6_B,3fy6_C,3fy6_D"
1.10.4180,4,4,100.0,"2vy1_A,2vy2_A,4bhk_A,4bhk_B"
1.10.1040,4,4,100.0,"3ctv_A,1ofc_X,2nog_A,2nog_B"
3.10.460,4,4,100.0,"2w2s_A,2w2r_A,1lg7_A,4owr_C"
3.90.1780,4,4,100.0,"3emf_A,3emf_B,3emf_C,3emi_A"
1.10.3340,4,4,100.0,"2o35_A,2o35_B,3fyb_A,3fyb_B"
3.30.1250,4,4,100.0,"1p9q_C,1t95_A,2wbm_A,2wbm_B"
3.30.2030,4,4,100.0,"2v7s_A,2fpn_A,4mjg_A,4mjg_B"
1.10.290,4,4,100.0,"1cy9_A,1cy9_B,1cyy_A,1cyy_B"
3.40.1700,4,4,100.0,"4rv7_A,4rv7_B,4rv7_C,4rv7_D"
6.10.180,4,4,100.0,"3no7_A,3no7_B,2q2k_A,2q2k_B"
3.55.40,4,4,100.0,"4dq9_A,2qv8_A,2qv8_B,4dq9_B"
3.30.44,4,4,100.0,"1kvd_B,1kvd_D,1kve_B,1kve_D"
4.10.420,4,4,100.0,"1kvd_A,1kvd_C,1kve_A,1kve_C"
3.40.1720,4,4,100.0,"2qzi_A,2qzi_B,2qzi_C,2qzi_D"
2.20.220,3,3,100.0,"3wit_A,3pqh_A,3pqh_B"
3.30.250,3,3,100.0,"3soo_A,3soo_B,3soo_C"
1.10.840,3,3,100.0,"3qxl_A,3qxl_B,2ije_S"
2.20.160,3,3,100.0,"2f8v_T,1ya5_T,2f8v_Y"
1.20.1020,3,3,100.0,"3t92_A,3io2_A,3p57_P"
1.10.3750,3,3,100.0,"1sed_A,1sed_B,1sed_C"
3.30.386,3,3,100.0,"1qgi_A,2d05_A,5hwa_A"
3.10.380,3,3,100.0,"4ntq_A,1e44_B,4udm_B"
3.30.950,3,3,100.0,"3ffy_A,3fq6_A,3fq6_B"
3.90.180,3,3,100.0,"3goh_A,1iyz_A,1iz0_A"
3.30.2220,3,3,100.0,"2ob9_A,2ob9_B,3klu_A"
3.90.1240,3,3,100.0,"1e1h_A,1e1h_C,3k3q_B"
1.10.3260,3,3,100.0,"4hto_A,4htp_A,4htp_B"
1.10.4200,3,3,100.0,"3h9p_A,3h9p_B,3h9p_C"
2.70.180,3,3,100.0,"1njh_A,2vld_A,2vld_B"
3.90.820,3,3,100.0,"5wmm_B,2pst_X,5ja1_B"
4.10.180,3,3,100.0,"3cj8_A,3cj8_B,3cj8_C"
6.10.100,3,3,100.0,"1w9z_A,1w9z_B,1w9z_C"
3.20.130,3,3,100.0,"2isb_A,5dni_A,5dni_B"
3.10.540,3,3,100.0,"2re3_A,2re3_B,2ra9_A"
1.20.1230,3,3,100.0,"4gnk_E,1jad_A,1jad_B"
3.10.640,3,3,100.0,"3c0u_A,3c0u_B,2ot9_A"
3.90.310,3,3,100.0,"1aol_A,1lcs_A,1lcs_B"
3.40.1640,3,3,100.0,"2pif_A,2pif_B,3db9_A"
3.30.2060,3,3,100.0,"4dfc_A,4dfc_C,3fpn_B"
2.30.18,3,3,100.0,"1nh2_C,1ytf_C,1nvp_C"
3.10.670,3,3,100.0,"4g29_A,4g2b_A,4g2b_B"
3.30.2190,2,2,100.0,"2guk_A,2guk_B"
6.20.280,2,2,100.0,"3ua0_A,3ua0_B"
1.20.1320,2,2,100.0,"4i1s_A,3ts9_A"
2.30.310,2,2,100.0,"3doa_A,5h3x_A"
3.30.2410,2,2,100.0,"3pt3_A,3pt3_B"
1.10.3180,2,2,100.0,"4zds_A,4zds_B"
3.10.660,2,2,100.0,"5ax2_A,4x33_A"
1.10.3790,2,2,100.0,"1pc6_A,1pc6_B"
3.40.1730,2,2,100.0,"2qnu_A,2qnu_B"
4.10.1230,2,2,100.0,"1fi8_D,1fi8_F"
4.10.740,2,2,100.0,"1p0s_L,1pfx_L"
1.10.155,2,2,100.0,"1af7_A,1bc5_A"
1.10.3510,2,2,100.0,"2o5h_A,2o5h_B"
4.10.470,2,2,100.0,"3i08_A,3i08_C"
4.10.1330,2,2,100.0,"1jyo_E,1jyo_F"
1.10.3400,2,2,100.0,"2ph7_A,2ph7_B"
6.10.310,2,2,100.0,"4ds7_E,4ds7_H"
3.10.520,2,2,100.0,"2o34_A,2o34_B"
1.10.3890,2,2,100.0,"1qz4_A,1sdi_A"
6.20.360,2,2,100.0,"4dx9_q,4dx9_w"
2.60.500,2,2,100.0,"1ywm_A,2o0i_1"
4.10.49,2,2,100.0,"2y69_L,2y69_Y"
3.90.1670,2,2,100.0,"2fiy_A,2fiy_B"
6.20.130,2,2,100.0,"5ool_m,5oom_m"
4.10.81,2,2,100.0,"2y69_M,2y69_Z"
1.10.3540,2,2,100.0,"3bhw_A,3bhw_B"
3.30.1570,2,2,100.0,"1huf_A,1k46_A"
4.10.1260,2,2,100.0,"1al0_B,1cd3_B"
3.40.1680,2,2,100.0,"3bl4_A,3bl4_B"
3.90.980,2,2,100.0,"3s32_A,3rsn_A"
1.10.3670,2,2,100.0,"2p1g_A,2p1g_B"
3.60.100,2,2,100.0,"1hq0_A,1hzg_A"
2.30.180,2,2,100.0,"2vxp_A,2vxp_B"
1.20.860,2,2,100.0,"4kt0_K,1jb0_K"
3.30.1900,2,2,100.0,"3bt3_A,3bt3_B"
3.30.1970,2,2,100.0,"2fdo_B,2fdo_A"
3.30.2120,2,2,100.0,"1r7l_A,1r7l_B"
1.20.1660,2,2,100.0,"2b6c_A,2b6c_B"
2.40.450,2,2,100.0,"2gmq_A,2gmq_B"
3.90.580,2,2,100.0,"1d0q_A,1d0q_B"
2.60.460,2,2,100.0,"2qzb_A,2qzb_B"
3.40.1600,2,2,100.0,"2hq4_A,2hq4_B"
1.10.3620,2,2,100.0,"3ca8_A,3ca8_B"
6.10.360,2,2,100.0,"1ef1_C,1ef1_D"
6.20.400,2,2,100.0,"4a9a_C,4a9a_D"
6.10.220,2,2,100.0,"3gn4_A,3gn4_E"
6.10.290,2,2,100.0,"3nym_A,3nym_B"
1.10.3070,2,2,100.0,"1nxh_A,1nxh_B"
2.40.410,2,2,100.0,"3c8i_A,3c8i_B"
1.10.4150,2,2,100.0,"2fm8_C,2fm9_A"
3.30.1910,2,2,100.0,"4zya_A,4zya_B"
1.20.1590,2,2,100.0,"2q9r_A,3f7c_A"
1.20.970,1,1,100.0,4f3f_C
4.10.400,1,1,100.0,2fcw_B
1.10.3910,1,1,100.0,2fi0_A
4.10.365,1,1,100.0,1jsu_C
3.40.1460,1,1,100.0,2o3b_B
2.30.24,1,1,100.0,3rio_A
2.30.320,1,1,100.0,1pv5_A
3.30.1990,1,1,100.0,1sr8_A
3.10.550,1,1,100.0,2hly_A
2.60.430,1,1,100.0,2p84_A
6.20.180,1,1,100.0,3e56_A
3.40.10,1,1,100.0,1u8b_A
1.20.50,1,1,100.0,3kxr_A
6.10.200,1,1,100.0,4lhf_A
1.25.70,1,1,100.0,3m66_A
6.20.420,1,1,100.0,4i6m_D
1.10.3940,1,1,100.0,3dt5_A
3.90.1110,1,1,100.0,3lti_A
4.10.75,1,1,100.0,1fle_I
3.20.110,1,1,100.0,1o7d_A
3.40.1110,1,1,100.0,3gwi_A
3.30.1820,1,1,100.0,2iay_A
3.90.1000,1,1,100.0,1o22_A
3.30.2390,1,1,100.0,1wv8_A
3.90.360,1,1,100.0,4psw_A
1.10.486,1,1,100.0,1qhh_C
1.10.3320,1,1,100.0,2gvi_A
4.10.1210,1,1,100.0,2b1y_A
3.40.1540,1,1,100.0,1y0k_A
1.20.1480,1,1,100.0,1td6_A
1.10.4110,1,1,100.0,1q5z_A
1.10.3300,1,1,100.0,3h0n_A
3.10.610,1,1,100.0,3ci0_J
4.10.910,1,1,100.0,5x8r_m
1.10.3880,1,1,100.0,1t07_A
6.20.60,1,1,100.0,2zix_A
4.10.1060,1,1,100.0,5an9_H
2.170.200,1,1,100.0,1qqh_A
6.10.330,1,1,100.0,2zu0_D
6.20.170,1,1,100.0,3vto_Q
2.70.150,1,1,100.0,2hc8_A
2.20.90,1,1,100.0,1lsh_B
3.90.15,1,1,100.0,1a41_A
3.40.1710,1,1,100.0,3cni_A
3.40.1840,1,1,100.0,4xpm_B
1.10.3380,1,1,100.0,3hib_A
3.30.2150,1,1,100.0,1nt2_B
1.10.3440,1,1,100.0,2pv4_A
2.40.290,1,1,100.0,1ow1_A
6.10.230,1,1,100.0,1yhn_B
3.30.2460,1,1,100.0,4f0a_B
4.10.690,1,1,100.0,1b35_D
1.10.3030,1,1,100.0,1n81_A
3.30.305,1,1,100.0,2hdi_B
1.10.880,1,1,100.0,1skn_P
1.20.1220,1,1,100.0,3fcn_A
6.20.240,1,1,100.0,2zp9_H
3.30.1980,1,1,100.0,1qw2_A
3.40.1140,1,1,100.0,1qhl_A
